X,Y,Label,b1_da_nang,b2_da_nang,b3_da_nang,b4_da_nang,b5_da_nang,b6_da_nang,b7_da_nang
842995.7,1774383,aquaculture,0.011695,0.01989,0.052698,0.034327,0.093728,0.023713,0.016865
846834.6,1773671,aquaculture,0.023877,0.03606,0.070737,0.05751,0.080253,0.05916,0.0387
835928.6,1766168,aquaculture,0.021059,0.026023,0.051776,0.037971,0.084653,0.058252,0.044516
842710.9,1771608,aquaculture,0.017167,0.026793,0.060672,0.04057,0.18555,0.088173,0.043842
847574.5,1773660,aquaculture,0.03353,0.04926,0.090317,0.083718,0.105085,0.123015,0.108055
844725.2,1769853,aquaculture,0.03804,0.046015,0.074038,0.061442,0.161378,0.09326,0.0519
832103.9,1778036,aquaculture,0.036638,0.042357,0.07181,0.058033,0.1333,0.10272,0.070105
837473.4,1771411,aquaculture,0.025198,0.0299,0.055392,0.042949,0.141949,0.07368,0.041258
832192.9,1784529,aquaculture,0.025472,0.033337,0.061951,0.052478,0.070792,0.0508,0.035483
834176.7,1771503,aquaculture,0.032238,0.037435,0.06356,0.04827,0.085312,0.04541,0.025101
831057.2,1783638,aquaculture,0.015518,0.025472,0.058115,0.043237,0.123207,0.07467,0.04541
845806,1777215,aquaculture,0.031468,0.045589,0.081105,0.074588,0.070724,0.075289,0.065677
843158,1778269,aquaculture,0.01318,0.02517,0.057537,0.035923,0.101593,0.05311,0.03562
844613.2,1768997,aquaculture,0.059573,0.06268,0.089396,0.075302,0.108454,0.08842,0.057785
835402.4,1781681,aquaculture,0.032622,0.035702,0.052725,0.04233,0.066035,0.03408,0.02352
843102.3,1780726,aquaculture,0.05454,0.060397,0.08358,0.06884,0.122768,0.110915,0.081683
845024.3,1777367,aquaculture,0.03056,0.040653,0.070847,0.05355,0.050415,0.050305,0.039828
850094.3,1768771,aquaculture,0.031082,0.046964,0.095213,0.092421,0.173134,0.120182,0.076128
844078.9,1768524,aquaculture,0.036775,0.047087,0.076567,0.060865,0.147517,0.096147,0.054677
842464.1,1771551,aquaculture,0.020743,0.026023,0.050525,0.031193,0.089768,0.039663,0.022558
845042.9,1769278,aquaculture,0.024276,0.031839,0.062268,0.045974,0.14793,0.073075,0.036349
844753.9,1767508,aquaculture,0.035029,0.040804,0.061332,0.047761,0.058858,0.03771,0.023877
850305.6,1786442,aquaculture,0.032622,0.0409,0.06642,0.062501,0.114174,0.089644,0.06026
845339.8,1777276,aquaculture,0.024221,0.037985,0.067864,0.057221,0.089314,0.060659,0.042481
845181.6,1776643,aquaculture,0.011695,0.026023,0.055695,0.041918,0.055282,0.039305,0.02605
844720,1769852,aquaculture,0.03804,0.046015,0.074038,0.061442,0.161378,0.09326,0.0519
850386.5,1768778,aquaculture,0.017484,0.030931,0.064399,0.048256,0.121874,0.096299,0.049287
830615.4,1784203,aquaculture,0.017003,0.025885,0.056493,0.039223,0.071631,0.046166,0.026971
845603.3,1774579,aquaculture,0.017993,0.035675,0.072883,0.058693,0.08017,0.060562,0.038645
847219.8,1771375,aquaculture,0.054512,0.07038,0.104535,0.11537,0.181067,0.171277,0.109787
843093.1,1770345,aquaculture,0.021458,0.025802,0.04662,0.032732,0.14793,0.07126,0.037297
835248.8,1787095,aquaculture,0.043815,0.05245,0.079427,0.055695,0.091362,0.065403,0.041478
836252.8,1771195,aquaculture,0.018501,0.025761,0.055145,0.035812,0.123675,0.063326,0.040433
846835.6,1771606,aquaculture,0.025156,0.033008,0.063533,0.055159,0.076224,0.072676,0.046056
845853.9,1771929,aquaculture,0.026957,0.035235,0.062364,0.052395,0.06884,0.048889,0.033379
850518.4,1767812,aquaculture,0.014417,0.026077,0.060562,0.047747,0.117928,0.067547,0.03518
839379.9,1778810,aquaculture,0.032705,0.041615,0.066915,0.055076,0.122121,0.100671,0.070229
845841.4,1776607,aquaculture,0.038178,0.04596,0.079235,0.05564,0.0541,0.035125,0.02671
831079.1,1783643,aquaculture,0.019533,0.030642,0.065348,0.053935,0.11295,0.078933,0.051556
849641.9,1787185,aquaculture,0.056328,0.061704,0.082494,0.082411,0.132777,0.138167,0.103105
844861.5,1769643,aquaculture,0.03716,0.043719,0.067451,0.052189,0.090207,0.04519,0.024799
846716.3,1771668,aquaculture,0.021677,0.028717,0.05982,0.048243,0.08358,0.0497,0.030093
845907.1,1771995,aquaculture,0.02759,0.036706,0.065623,0.055723,0.077214,0.055475,0.033888
847050.3,1788700,aquaculture,0.041986,0.048256,0.065842,0.061429,0.134579,0.113321,0.076128
845593.3,1771490,aquaculture,0.02242,0.031413,0.059256,0.041409,0.094979,0.05795,0.0321
844843.8,1770302,aquaculture,0.047486,0.054884,0.0805,0.062515,0.098444,0.07236,0.043361
831579.2,1782160,aquaculture,0.039236,0.051708,0.090758,0.098238,0.137508,0.087471,0.052106
823985.4,1786434,aquaculture,0.011406,0.021843,0.056589,0.047404,0.085601,0.047954,0.028993
847047.1,1771332,aquaculture,0.025143,0.037573,0.06257,0.055997,0.08424,0.051295,0.033035
842576.6,1771804,aquaculture,0.02781,0.037985,0.080912,0.054485,0.037655,0.018845,0.012273
834384.3,1784810,aquaculture,0.042357,0.044805,0.08061,0.060783,0.132887,0.076485,0.040433
847743.4,1773207,aquaculture,0.015614,0.02429,0.051377,0.037311,0.108866,0.061718,0.034561
826375.5,1785828,aquaculture,0.015078,0.027123,0.062845,0.045823,0.073377,0.04431,0.03012
831564.3,1782190,aquaculture,0.044489,0.056795,0.101249,0.113596,0.138154,0.0915,0.054898
844772.6,1773892,aquaculture,0.017993,0.031413,0.068757,0.059298,0.090125,0.049947,0.02781
845043.8,1767463,aquaculture,0.03804,0.04387,0.06708,0.055117,0.075082,0.051955,0.03727
826189.9,1785973,aquaculture,0.014802,0.024043,0.05949,0.043925,0.12945,0.076402,0.040872
845481.3,1777047,aquaculture,0.015407,0.026916,0.059064,0.037559,0.078272,0.033228,0.018474
829409.8,1768945,aquaculture,0.031358,0.03749,0.061387,0.045437,0.083305,0.055008,0.030395
843219,1774419,aquaculture,0.008395,0.021155,0.065128,0.043127,0.06653,0.039883,0.027563
834298.1,1784604,aquaculture,0.035923,0.040598,0.080363,0.05861,0.083333,0.054128,0.033612
836424.8,1770719,aquaculture,0.024977,0.032348,0.061718,0.042935,0.081215,0.050525,0.035647
833652.9,1771635,aquaculture,0.029061,0.034039,0.057318,0.037641,0.062927,0.03243,0.020151
843592.8,1778563,aquaculture,0.009303,0.02231,0.054361,0.034946,0.089149,0.06092,0.043733
845707.8,1770480,aquaculture,0.035428,0.041656,0.069101,0.057304,0.109884,0.08369,0.048903
838376.4,1778797,aquaculture,0.02583,0.033846,0.055819,0.039016,0.086921,0.053619,0.036651
840398.6,1793644,aquaculture,0.03287,0.040543,0.065513,0.052478,0.136793,0.112427,0.072608
839464.9,1770866,aquaculture,0.04134,0.052753,0.091665,0.07522,0.09832,0.05278,0.03056
835053.7,1781773,aquaculture,0.033984,0.03969,0.065141,0.047142,0.171374,0.090978,0.051377
830921.1,1783397,aquaculture,0.024153,0.033186,0.066049,0.053192,0.123881,0.086413,0.052409
845564.9,1778799,aquaculture,0.031234,0.050112,0.082562,0.068579,0.08853,0.065815,0.048903
845947.6,1776297,aquaculture,0.024675,0.03639,0.066172,0.04618,0.066392,0.037297,0.024015
835538.9,1772593,aquaculture,0.024813,0.03232,0.059325,0.048572,0.08743,0.06059,0.03947
838645.5,1770873,aquaculture,0.034644,0.044241,0.085601,0.059435,0.115961,0.050827,0.028663
845201.3,1776603,aquaculture,0.014032,0.02671,0.056328,0.047308,0.080445,0.060425,0.036198
845934.4,1772716,aquaculture,0.016893,0.028278,0.05927,0.045713,0.067396,0.039113,0.023891
830673.3,1783346,aquaculture,0.0255,0.037957,0.074395,0.066475,0.107313,0.077008,0.050745
830737.8,1784193,aquaculture,0.019973,0.030697,0.062157,0.046867,0.101455,0.059696,0.033599
845671.6,1777233,aquaculture,0.034946,0.049714,0.081628,0.082521,0.090455,0.096079,0.080156
843202.9,1772365,aquaculture,0.031082,0.041615,0.077915,0.057702,0.126755,0.065238,0.036527
843910.5,1770543,aquaculture,0.023658,0.028827,0.046675,0.033668,0.102582,0.05212,0.032842
845696.6,1777324,aquaculture,0.037669,0.050553,0.087801,0.077049,0.06499,0.068455,0.053619
834418.3,1783599,aquaculture,0.052326,0.057139,0.074739,0.064536,0.062776,0.042743,0.031
830785.3,1784076,aquaculture,0.019216,0.029061,0.059518,0.039828,0.072553,0.046469,0.02605
843156.8,1767357,aquaculture,0.036968,0.047665,0.08435,0.05872,0.104233,0.067437,0.037297
845090.8,1769393,aquaculture,0.035263,0.043623,0.067919,0.050002,0.089025,0.050649,0.027645
832076.8,1784724,aquaculture,0.045135,0.05608,0.093012,0.099613,0.143778,0.129147,0.088282
852790.4,1785872,aquaculture,0.03034,0.037792,0.056493,0.04585,0.086743,0.07093,0.052643
840150.1,1793663,aquaculture,0.034644,0.043966,0.067712,0.050209,0.103916,0.079262,0.051323
854659.6,1787711,aquaculture,0.028993,0.03837,0.058472,0.054293,0.08567,0.081022,0.05718
845382.1,1777104,aquaculture,0.015284,0.027136,0.061566,0.057565,0.124775,0.067465,0.04486
840290.1,1793667,aquaculture,0.034877,0.04211,0.063945,0.049315,0.117708,0.088447,0.055558
830508.7,1784110,aquaculture,0.02022,0.029845,0.06675,0.06004,0.115398,0.08589,0.047857
845105.3,1766658,aquaculture,0.03628,0.043182,0.065732,0.049232,0.068785,0.045685,0.027425
831819.2,1771366,aquaculture,0.030423,0.035263,0.059119,0.035964,0.090235,0.042028,0.021952
850054.9,1767744,aquaculture,0.016837,0.022283,0.03837,0.030642,0.037765,0.030395,0.020633
834226.1,1769291,aquaculture,0.024799,0.032512,0.065059,0.045891,0.082975,0.037146,0.020756
845434.8,1770940,aquaculture,0.039855,0.046812,0.070724,0.056424,0.066833,0.057221,0.036803
844312,1785306,aquaculture,0.053358,0.05432,0.06356,0.05256,0.056822,0.04299,0.030203
850306.1,1768089,aquaculture,0.025253,0.03881,0.075055,0.067547,0.11757,0.08204,0.047253
842556.7,1777574,barren,0.158641,0.189317,0.254314,0.289679,0.347058,0.384114,0.339481
829801.4,1780577,barren,0.082356,0.095034,0.147394,0.169531,0.293419,0.313947,0.206244
831817.8,1785028,barren,0.065265,0.073804,0.110929,0.116498,0.362155,0.315928,0.192342
846751.5,1782013,barren,0.105951,0.12318,0.156166,0.16234,0.273523,0.265589,0.213215
847362.2,1779777,barren,0.15959,0.189455,0.24374,0.275668,0.369085,0.451062,0.373897
840248.6,1766112,barren,0.099668,0.11207,0.151973,0.170563,0.289761,0.354386,0.277881
828428,1780551,barren,0.098265,0.119303,0.197128,0.2543,0.329815,0.366802,0.267637
834913.7,1765899,barren,0.093741,0.107285,0.15706,0.175224,0.238804,0.248759,0.166506
848316.2,1775662,barren,0.108165,0.13143,0.1971,0.208705,0.236398,0.256142,0.196467
840396.6,1772031,barren,0.090207,0.112208,0.139721,0.144767,0.282969,0.307801,0.254231
847907.1,1773524,barren,0.069417,0.088365,0.135225,0.15618,0.281168,0.345793,0.26431
833742.6,1783906,barren,0.120925,0.131018,0.187145,0.22262,0.294285,0.334572,0.253117
829025.9,1780492,barren,0.097467,0.118849,0.176145,0.225741,0.305519,0.366624,0.263966
846930.3,1767919,barren,0.09821,0.111107,0.151312,0.174577,0.328825,0.408355,0.300692
849018.9,1773070,barren,0.13693,0.163014,0.249254,0.296884,0.417815,0.527004,0.435869
826473.9,1779031,barren,0.040047,0.051213,0.10096,0.123372,0.243273,0.272917,0.177987
847798.9,1773116,barren,0.061869,0.08292,0.143709,0.172254,0.307554,0.371299,0.249914
834025.9,1783362,barren,0.105855,0.117446,0.174976,0.220475,0.293762,0.319929,0.245225
828545.1,1781803,barren,0.055915,0.067053,0.108082,0.120485,0.27289,0.280618,0.187695
850837.8,1769891,barren,0.087251,0.103215,0.147352,0.169614,0.30347,0.4149,0.327354
832098.4,1782617,barren,0.108,0.123207,0.168211,0.198434,0.26684,0.283134,0.216584
833143.2,1783892,barren,0.109732,0.12472,0.175347,0.198008,0.25892,0.290517,0.230623
836466.9,1778575,barren,0.109045,0.125765,0.18093,0.240358,0.30083,0.399335,0.29148
829364.8,1781857,barren,0.070036,0.078658,0.116305,0.133548,0.272931,0.322638,0.212651
851567.2,1769037,barren,0.076155,0.100108,0.155905,0.149168,0.337377,0.31007,0.220172
848849.5,1773406,barren,0.08149,0.098897,0.142595,0.166657,0.294642,0.38531,0.285788
847634,1769644,barren,0.068757,0.083772,0.12714,0.144575,0.298162,0.30413,0.216652
834924.8,1782523,barren,0.105484,0.118368,0.163137,0.190252,0.273921,0.292071,0.220887
838718.4,1768685,barren,0.111382,0.12549,0.136985,0.148618,0.302095,0.321427,0.26662
843305.6,1781184,barren,0.073955,0.081325,0.10437,0.106597,0.249515,0.26354,0.169077
846098.4,1774146,barren,0.057799,0.078465,0.127277,0.150597,0.262206,0.268064,0.192879
849256.4,1769079,barren,0.063918,0.080418,0.120843,0.13693,0.256692,0.277565,0.206945
829029.3,1780703,barren,0.099778,0.116869,0.180476,0.225425,0.279325,0.311431,0.228079
845803.2,1770194,barren,0.086907,0.100685,0.128268,0.141275,0.3049,0.34692,0.24055
835859.9,1779606,barren,0.08358,0.098513,0.159865,0.174165,0.270717,0.279545,0.209228
847454.1,1772110,barren,0.079482,0.101565,0.155768,0.182773,0.268518,0.315515,0.224545
850079.8,1770918,barren,0.06785,0.088585,0.147531,0.16685,0.334641,0.331094,0.232231
833012.3,1784929,barren,0.104521,0.113926,0.15805,0.19446,0.358291,0.412329,0.329636
836601.4,1778415,barren,0.0992,0.109279,0.158971,0.190871,0.307801,0.338684,0.241169
847269.1,1769931,barren,0.088502,0.099365,0.1311,0.14903,0.289033,0.382862,0.28642
851148.3,1769529,barren,0.067767,0.08963,0.16245,0.220915,0.354372,0.362513,0.284303
846489.9,1771694,barren,0.084267,0.100685,0.144217,0.162739,0.286186,0.350413,0.255469
835397.4,1765746,barren,0.075963,0.089644,0.12692,0.143228,0.311129,0.31436,0.226786
839752.1,1772070,barren,0.064014,0.080665,0.116937,0.111272,0.220159,0.300129,0.266386
843013.3,1774876,barren,0.134978,0.163192,0.231035,0.24077,0.314773,0.40225,0.382422
823530.1,1767808,barren,0.063367,0.070847,0.11757,0.139322,0.336112,0.287135,0.17378
847644,1770301,barren,0.08798,0.100355,0.137508,0.157582,0.287712,0.37079,0.27663
840172.4,1768303,barren,0.117735,0.137398,0.169407,0.18962,0.307567,0.363227,0.298712
840440.4,1774304,barren,0.108014,0.116154,0.173945,0.219499,0.298438,0.411586,0.273124
847152,1769658,barren,0.088392,0.101098,0.127938,0.146885,0.280892,0.366638,0.27003
833938.9,1782468,barren,0.115645,0.129202,0.178978,0.22229,0.291673,0.336112,0.25793
849504.4,1769388,barren,0.121475,0.144987,0.211923,0.25782,0.33218,0.41864,0.371368
850653.9,1769848,barren,0.085367,0.10129,0.148122,0.169325,0.30996,0.406127,0.317962
828523.8,1781938,barren,0.102679,0.124156,0.212335,0.266799,0.334009,0.354469,0.272313
834410.3,1784928,barren,0.10151,0.108522,0.142843,0.157252,0.280012,0.31755,0.228203
848735.5,1773779,barren,0.077942,0.102005,0.15156,0.16531,0.278913,0.324892,0.252623
847870.1,1770617,barren,0.093755,0.132172,0.190926,0.214232,0.353575,0.379219,0.289665
833004,1782883,barren,0.112565,0.129821,0.176791,0.203205,0.300913,0.301875,0.230691
849050.3,1772609,barren,0.106707,0.13154,0.176338,0.18709,0.32811,0.331575,0.24407
835190.3,1780391,barren,0.157321,0.189799,0.25364,0.235146,0.316986,0.362045,0.351403
847529.8,1778107,barren,0.090593,0.11108,0.162505,0.16102,0.130192,0.105883,0.08655
845900.9,1774460,barren,0.053949,0.072002,0.126397,0.143338,0.23263,0.300486,0.21943
826593.2,1785640,barren,0.073185,0.097412,0.158188,0.180504,0.298341,0.293336,0.204979
834886,1765915,barren,0.107024,0.119564,0.173326,0.19754,0.33647,0.384595,0.272849
846827.6,1769506,barren,0.107395,0.11988,0.150707,0.172185,0.31744,0.39653,0.30633
848551.8,1775124,barren,0.106749,0.131114,0.200785,0.218028,0.359281,0.373746,0.314566
829617.4,1781484,barren,0.106048,0.1256,0.189895,0.227488,0.288482,0.308833,0.23736
844410.7,1771277,barren,0.08193,0.094662,0.13869,0.151477,0.321647,0.302975,0.20612
832719.8,1780952,barren,0.1399,0.154007,0.160855,0.152715,0.296045,0.359928,0.319503
829059,1780226,barren,0.10272,0.113005,0.183075,0.249405,0.320493,0.388555,0.266235
840779.1,1775423,barren,0.109925,0.13154,0.193154,0.199204,0.311858,0.360354,0.328632
836465.4,1778522,barren,0.110544,0.125545,0.189098,0.247989,0.308365,0.378078,0.282488
848680.3,1771135,barren,0.140794,0.182003,0.248374,0.218316,0.348762,0.429846,0.389985
850077.4,1770627,barren,0.132447,0.16597,0.219403,0.209998,0.360505,0.39829,0.33405
838938.7,1777665,barren,0.124294,0.150584,0.201995,0.206973,0.303882,0.335934,0.296293
849160,1769023,barren,0.078286,0.098994,0.144341,0.158889,0.259607,0.287369,0.231104
850606.9,1768432,barren,0.052533,0.068922,0.11548,0.126315,0.275172,0.273357,0.200125
845038.1,1771301,barren,0.089795,0.102417,0.142155,0.168088,0.333115,0.339907,0.232657
836582.4,1773138,barren,0.09678,0.111713,0.168995,0.198118,0.267307,0.335012,0.248553
825029.9,1786114,barren,0.065265,0.082617,0.146555,0.167895,0.330915,0.296155,0.194873
842236.6,1779658,barren,0.079153,0.098458,0.147325,0.161213,0.30897,0.311335,0.225562
820018.9,1784515,barren,0.073817,0.089163,0.146473,0.175237,0.304845,0.335838,0.255895
850153.6,1770854,barren,0.106309,0.122823,0.179418,0.20832,0.357604,0.448656,0.356545
842468.1,1777876,barren,0.183419,0.22361,0.299771,0.334518,0.381116,0.421899,0.36804
847229.3,1768441,barren,0.070325,0.077393,0.10349,0.105332,0.29082,0.295,0.186815
828633.8,1781228,barren,0.119358,0.144011,0.208416,0.217092,0.324081,0.359982,0.299262
847415.8,1771629,barren,0.081779,0.10283,0.153306,0.17851,0.268641,0.317605,0.240248
832815.1,1781128,barren,0.139708,0.16597,0.220447,0.235187,0.336718,0.36826,0.308585
845082.8,1768723,barren,0.094497,0.102362,0.135967,0.145042,0.2906,0.325717,0.228752
847134.1,1783649,barren,0.178372,0.199547,0.247411,0.261093,0.30292,0.336291,0.305821
828785.2,1782076,barren,0.103641,0.127883,0.210616,0.266345,0.358855,0.393587,0.292112
839901.1,1772367,barren,0.13407,0.162532,0.212308,0.2268,0.312462,0.403735,0.35495
833744.4,1780252,barren,0.08259,0.097454,0.129945,0.123675,0.224724,0.33064,0.306935
849518.4,1771477,barren,0.0508,0.070476,0.114999,0.127525,0.271295,0.309066,0.217381
846819.3,1770250,barren,0.068455,0.076732,0.106597,0.11944,0.27795,0.269755,0.173065
847183.7,1772799,barren,0.087155,0.10998,0.16267,0.190692,0.303965,0.34978,0.258095
836252.8,1782193,barren,0.103009,0.11526,0.146211,0.161336,0.253709,0.29159,0.220282
819999.5,1784425,barren,0.066695,0.080473,0.133162,0.154585,0.299675,0.283973,0.202105
834787.4,1766508,barren,0.075536,0.086495,0.117432,0.120581,0.316711,0.316752,0.211936
820146.9,1784569,barren,0.074725,0.088186,0.155369,0.197829,0.317358,0.349038,0.258727
832101,1788199,croplands,0.088764,0.097041,0.151202,0.187915,0.296416,0.314649,0.225865
827613.2,1784069,croplands,0.01846,0.028882,0.073542,0.057936,0.346246,0.213614,0.116663
839154.5,1765809,croplands,0.079537,0.094745,0.135417,0.137838,0.335315,0.286888,0.204058
831117.6,1782388,croplands,0.037683,0.04387,0.084487,0.070944,0.332634,0.202765,0.11031
840102.1,1766435,croplands,0.058858,0.07302,0.114132,0.113032,0.308173,0.257875,0.18731
839759.4,1773914,croplands,0.050223,0.054705,0.091033,0.091253,0.288098,0.2202,0.131265
830043.7,1769007,croplands,0.03386,0.035923,0.06323,0.04475,0.330475,0.19303,0.086138
842000.4,1769822,croplands,0.036005,0.043636,0.080115,0.066558,0.276506,0.183158,0.093232
832976.5,1768502,croplands,0.05652,0.06499,0.104728,0.106075,0.337405,0.297557,0.188383
827000.9,1765059,croplands,0.045602,0.046758,0.072222,0.057263,0.33658,0.237552,0.119
830369.7,1766069,croplands,0.01945,0.022503,0.049837,0.02814,0.367765,0.13693,0.052257
823174.6,1787773,croplands,0.021595,0.030863,0.072167,0.066833,0.269838,0.197348,0.11361
838483.1,1773852,croplands,0.079235,0.087416,0.129312,0.166094,0.263952,0.333844,0.232726
835068.7,1771513,croplands,0.042357,0.049068,0.088777,0.07951,0.33724,0.221465,0.12681
836131.9,1774742,croplands,0.036472,0.041532,0.071425,0.060343,0.28257,0.187805,0.101483
840222.1,1772743,croplands,0.07324,0.084405,0.119853,0.133245,0.308943,0.314663,0.196797
828811.2,1765232,croplands,0.02924,0.03144,0.05982,0.03694,0.423673,0.19094,0.077887
840235.9,1775965,croplands,0.041299,0.048971,0.083429,0.071109,0.348226,0.224751,0.125655
838058.5,1773541,croplands,0.04013,0.046455,0.07984,0.071288,0.340595,0.22086,0.11966
815669.5,1784451,croplands,0.019037,0.022104,0.048999,0.030546,0.309011,0.138717,0.063739
836519.1,1774800,croplands,0.039718,0.041959,0.0717,0.050594,0.340636,0.217134,0.10624
828434.4,1763393,croplands,0.016782,0.020495,0.047624,0.024428,0.397396,0.134593,0.046469
825750.4,1779934,croplands,0.015284,0.019574,0.05355,0.028002,0.391951,0.164348,0.0684
830359.8,1765688,croplands,0.020316,0.02429,0.051419,0.033695,0.347278,0.142568,0.060397
824806.4,1786613,croplands,0.017195,0.02572,0.069995,0.053303,0.3401,0.219897,0.117405
832359,1788635,croplands,0.03826,0.043939,0.069445,0.060439,0.291851,0.207825,0.112606
832681.1,1772924,croplands,0.04079,0.04772,0.076567,0.067795,0.30897,0.190692,0.11339
832587.7,1776276,croplands,0.033296,0.039869,0.068661,0.051034,0.323861,0.186746,0.094841
842582.3,1775215,croplands,0.046936,0.053894,0.08721,0.081105,0.278101,0.268738,0.145345
841853.8,1768627,croplands,0.045919,0.051831,0.088777,0.0772,0.336965,0.208746,0.109141
833875.9,1767301,croplands,0.054581,0.063945,0.102349,0.096904,0.346494,0.271927,0.164746
834650.1,1773908,croplands,0.052079,0.059614,0.088228,0.081476,0.30424,0.238529,0.136449
830514.4,1776721,croplands,0.035483,0.039003,0.070985,0.053055,0.354235,0.19105,0.089108
830767,1765526,croplands,0.014802,0.02,0.046152,0.02506,0.343537,0.129725,0.05168
830581.4,1768949,croplands,0.03485,0.039828,0.06642,0.052038,0.34791,0.181205,0.08974
827549.4,1785002,croplands,0.027961,0.036417,0.077709,0.065389,0.331781,0.229289,0.127869
812797.9,1784844,croplands,0.028168,0.03254,0.06455,0.05388,0.3093,0.211427,0.104755
830969.4,1779444,croplands,0.044887,0.048036,0.076787,0.068455,0.302686,0.234198,0.127484
830918.4,1768907,croplands,0.045671,0.04981,0.078327,0.068235,0.342602,0.226126,0.124527
835959.2,1768013,croplands,0.056493,0.067795,0.101386,0.097014,0.291769,0.227034,0.15882
833717.3,1790653,croplands,0.043485,0.045025,0.07258,0.052725,0.364878,0.20194,0.095817
835405.3,1788178,croplands,0.049122,0.052257,0.078658,0.056657,0.380113,0.201637,0.0959
831766.1,1767792,croplands,0.036143,0.040488,0.067382,0.057263,0.29588,0.216845,0.109677
833615.8,1785956,croplands,0.050937,0.056575,0.080074,0.070971,0.251234,0.154159,0.10019
826308.9,1769047,croplands,0.030257,0.036225,0.064192,0.049783,0.332015,0.19248,0.092545
830484.8,1772752,croplands,0.032746,0.038081,0.064206,0.053096,0.26156,0.156716,0.088173
830180.3,1778379,croplands,0.027012,0.031,0.057675,0.043155,0.300445,0.161405,0.07698
831653.4,1789038,croplands,0.038851,0.040185,0.070572,0.041973,0.461128,0.224229,0.09128
827446.5,1786853,croplands,0.0321,0.045135,0.08479,0.076018,0.31436,0.230073,0.138772
837104.4,1769032,croplands,0.037847,0.04376,0.073158,0.059847,0.306028,0.173615,0.10195
833271.4,1787005,croplands,0.038659,0.04167,0.070889,0.05014,0.335549,0.180765,0.085656
839568.6,1764947,croplands,0.032458,0.04024,0.068812,0.0563,0.345573,0.210795,0.105635
827305.3,1786218,croplands,0.027576,0.03881,0.086976,0.079895,0.332139,0.220764,0.129491
828690.4,1769886,croplands,0.035675,0.042577,0.074093,0.059353,0.357233,0.197155,0.100025
832788.3,1786458,croplands,0.053151,0.060425,0.089424,0.080844,0.312352,0.216625,0.127236
835317.6,1771559,croplands,0.041106,0.048517,0.08677,0.076128,0.350151,0.228587,0.127745
837940.7,1774875,croplands,0.066255,0.071782,0.10635,0.11251,0.2895,0.284825,0.181507
836027.1,1781603,croplands,0.07016,0.078823,0.121214,0.118629,0.333184,0.259154,0.165214
822404.1,1767531,croplands,0.030299,0.031962,0.059999,0.037256,0.379947,0.173409,0.077173
827727.6,1772723,croplands,0.023974,0.0277,0.057813,0.03848,0.332867,0.185523,0.083209
829534.2,1775815,croplands,0.032677,0.035373,0.06257,0.046235,0.307127,0.19666,0.091472
836836.3,1770588,croplands,0.04101,0.048366,0.079276,0.070297,0.322596,0.214164,0.128281
850446.7,1770495,croplands,0.030849,0.046895,0.09832,0.085642,0.342272,0.229426,0.123331
839088.6,1772183,croplands,0.045259,0.05322,0.085148,0.077173,0.331547,0.22812,0.135005
832781.5,1775039,croplands,0.044585,0.049892,0.089658,0.094992,0.310125,0.235462,0.14705
843118,1767571,croplands,0.055626,0.063574,0.099984,0.103105,0.3071,0.293652,0.171662
830565.8,1780997,croplands,0.035194,0.042151,0.075302,0.065815,0.314277,0.189139,0.106213
832647.3,1771579,croplands,0.043485,0.048188,0.08446,0.073158,0.343895,0.218523,0.12098
830818.5,1767172,croplands,0.035978,0.038508,0.067327,0.04629,0.34681,0.202215,0.096092
835382.3,1791284,croplands,0.048435,0.049081,0.073831,0.053894,0.383454,0.214755,0.103545
831217.8,1779758,croplands,0.040474,0.049466,0.074203,0.06323,0.28422,0.166204,0.095378
828122.3,1786523,croplands,0.031082,0.040941,0.080857,0.069954,0.298768,0.244592,0.13363
814260.4,1785417,croplands,0.033228,0.03683,0.066282,0.055337,0.306468,0.156537,0.085367
841318.3,1767931,croplands,0.04728,0.05344,0.08226,0.06708,0.353162,0.2268,0.127415
828125.8,1775712,croplands,0.035702,0.042357,0.074038,0.059847,0.34384,0.220255,0.117047
824797.4,1786137,croplands,0.018488,0.029515,0.078327,0.072443,0.323628,0.218495,0.12439
827890.6,1786413,croplands,0.033626,0.042619,0.082755,0.077021,0.317454,0.263458,0.144135
855794,1785197,croplands,0.037724,0.043072,0.077379,0.061883,0.367875,0.224064,0.111369
827226.3,1767641,croplands,0.017704,0.02099,0.043815,0.023616,0.354579,0.11383,0.040501
838071.3,1776770,croplands,0.075041,0.081119,0.124624,0.126342,0.320616,0.275984,0.178771
841755.6,1777126,croplands,0.0387,0.04288,0.068675,0.054293,0.291287,0.190417,0.09458
830486.8,1768169,croplands,0.045891,0.051859,0.08061,0.074299,0.292085,0.234816,0.130275
841621.9,1778278,croplands,0.034767,0.039442,0.06851,0.051515,0.320135,0.184532,0.086495
843683.9,1767495,croplands,0.051103,0.060095,0.093439,0.083896,0.33471,0.200001,0.11933
841186.5,1767787,croplands,0.04717,0.055778,0.087402,0.076237,0.335618,0.220392,0.129422
828591.1,1779014,croplands,0.046812,0.053385,0.08325,0.076801,0.322528,0.252238,0.147366
851047.4,1768968,croplands,0.028663,0.040433,0.07181,0.065595,0.219952,0.164788,0.096477
839824.6,1770986,croplands,0.041615,0.044915,0.076347,0.057427,0.356353,0.1971,0.105855
826571.5,1768949,croplands,0.043031,0.047844,0.078176,0.069074,0.326103,0.214562,0.11658
844896.7,1768507,croplands,0.047225,0.052835,0.08809,0.07973,0.30149,0.211867,0.112455
838394.4,1771867,croplands,0.048407,0.048848,0.08446,0.077118,0.286118,0.228725,0.125298
828213.5,1775659,croplands,0.036638,0.042715,0.0761,0.056217,0.365592,0.22119,0.106845
823531.9,1786866,croplands,0.016714,0.024235,0.071755,0.0552,0.375919,0.227474,0.110887
846792.1,1780275,croplands,0.06004,0.072525,0.11064,0.101015,0.3203,0.238707,0.155713
816518.8,1766268,croplands,0.021801,0.026119,0.056286,0.033475,0.38927,0.166919,0.070133
840189.4,1774834,croplands,0.039635,0.043595,0.078768,0.068318,0.344005,0.229055,0.11471
828272,1773995,croplands,0.030615,0.03496,0.066668,0.0563,0.327477,0.225837,0.119082
825344.3,1769144,croplands,0.016796,0.020303,0.046207,0.02418,0.364286,0.125683,0.044269
834735.6,1772086,croplands,0.033557,0.037957,0.072828,0.051323,0.330062,0.193195,0.098238
830114.8,1767133,croplands,0.035483,0.037765,0.066227,0.047294,0.346672,0.181631,0.088159
832151.9,1769684,forest,0.021705,0.026683,0.055063,0.032265,0.340375,0.148095,0.061497
824700.9,1767855,forest,0.016356,0.0211,0.044021,0.023396,0.327271,0.122052,0.04541
820980.9,1765683,forest,0.023877,0.026146,0.05091,0.029171,0.361165,0.173175,0.072071
810528.4,1776918,forest,0.02198,0.021609,0.03826,0.022709,0.240028,0.120691,0.0486
820273,1788094,forest,0.013991,0.0178,0.038576,0.019904,0.288084,0.11757,0.04618
820867.7,1788273,forest,0.01626,0.01934,0.049659,0.024689,0.362265,0.147215,0.059655
816746.6,1787719,forest,0.035771,0.036844,0.070339,0.04079,0.468058,0.225535,0.09315
829703.1,1767136,forest,0.025638,0.028112,0.061387,0.038975,0.330448,0.162395,0.072332
826294,1775487,forest,0.01087,0.01571,0.04387,0.022613,0.34593,0.132942,0.046977
853413.7,1783500,forest,0.01769,0.022558,0.051295,0.026187,0.390975,0.150487,0.055392
811390.3,1779269,forest,0.02352,0.023025,0.044998,0.023932,0.312682,0.163632,0.06499
818580.7,1769098,forest,0.013262,0.01648,0.038136,0.020096,0.265314,0.112551,0.045437
812648.9,1785181,forest,0.034107,0.032884,0.058115,0.03991,0.34461,0.204209,0.092284
818441.6,1790015,forest,0.038796,0.039841,0.070435,0.040872,0.484461,0.22636,0.09546
832890.7,1776828,forest,0.032815,0.037779,0.064894,0.046634,0.330008,0.167221,0.077393
830268.4,1766599,forest,0.015765,0.020495,0.044998,0.024647,0.362787,0.127855,0.044695
822582.3,1770937,forest,0.01241,0.016508,0.039085,0.020577,0.27652,0.11988,0.048435
808060.3,1788046,forest,0.015682,0.0167,0.03826,0.021073,0.299675,0.122107,0.046895
828535.3,1775442,forest,0.014156,0.020261,0.04398,0.024991,0.274279,0.115521,0.046799
833014.6,1790720,forest,0.025913,0.02902,0.055585,0.033805,0.358003,0.15244,0.061773
828442.8,1771736,forest,0.01923,0.02242,0.045685,0.025308,0.332757,0.128144,0.04651
818367.2,1764980,forest,0.023355,0.02638,0.053797,0.03375,0.325223,0.182456,0.082961
828004.9,1787594,forest,0.024895,0.027893,0.057758,0.031165,0.415917,0.189317,0.077475
815236.5,1779276,forest,0.012988,0.014555,0.03188,0.017415,0.27696,0.104315,0.03749
811070.8,1789118,forest,0.02704,0.024895,0.043031,0.023575,0.338065,0.154159,0.060384
822209.5,1779558,forest,0.012575,0.017195,0.045534,0.024194,0.369621,0.149071,0.062817
824396.3,1788079,forest,0.009124,0.013565,0.039277,0.018089,0.320891,0.119921,0.047926
838021.8,1793623,forest,0.028924,0.031523,0.0574,0.031234,0.419864,0.17345,0.066448
838317.2,1767170,forest,0.02737,0.032017,0.064055,0.04145,0.323641,0.161584,0.072291
830599.1,1785669,forest,0.035483,0.03826,0.07049,0.047363,0.381185,0.195807,0.090097
814920.3,1786383,forest,0.026132,0.02429,0.044241,0.023217,0.323119,0.141495,0.056575
823026.8,1765470,forest,0.01934,0.021595,0.045602,0.026132,0.31205,0.129835,0.05333
821687.4,1768854,forest,0.016672,0.01923,0.040377,0.023492,0.289033,0.128213,0.051542
825432.3,1777093,forest,0.008202,0.012712,0.038067,0.018625,0.331905,0.115672,0.041862
824202.9,1782803,forest,0.008835,0.013785,0.038301,0.019203,0.314814,0.122176,0.050085
846263.6,1786807,forest,0.028168,0.02737,0.0574,0.031137,0.373513,0.146445,0.055942
822263.2,1764569,forest,0.018955,0.021513,0.051708,0.027549,0.384966,0.146555,0.059792
831533.3,1788369,forest,0.03276,0.03507,0.063202,0.039277,0.41138,0.186595,0.077228
831619.6,1784762,forest,0.02022,0.025321,0.059696,0.034052,0.343524,0.146858,0.058239
817698.9,1763884,forest,0.015572,0.019148,0.046207,0.023713,0.337213,0.139845,0.055145
838818.7,1793589,forest,0.03815,0.037408,0.065952,0.03892,0.421527,0.207605,0.084405
816904.8,1792163,forest,0.013551,0.016494,0.037792,0.022613,0.228601,0.111272,0.0486
820569.6,1785288,forest,0.012286,0.016274,0.037435,0.01868,0.300541,0.102005,0.03683
849995.8,1783384,forest,0.030423,0.034135,0.064687,0.039525,0.38531,0.182278,0.074643
828156.2,1764787,forest,0.032664,0.0354,0.060521,0.043966,0.309754,0.184134,0.087512
825593.8,1773525,forest,0.006951,0.011736,0.03826,0.016315,0.386905,0.11042,0.036569
804334.8,1779668,forest,0.011227,0.012506,0.032595,0.016494,0.243534,0.106281,0.038081
810568.7,1792031,forest,0.015311,0.018199,0.036789,0.018941,0.261203,0.11009,0.042096
820105.5,1792490,forest,0.013537,0.01714,0.03716,0.022503,0.257848,0.112812,0.049342
820996.4,1772914,forest,0.00944,0.01395,0.03848,0.020248,0.268449,0.114242,0.048641
824661.1,1780027,forest,0.007969,0.01296,0.0387,0.019711,0.341338,0.119619,0.045108
815363.6,1778533,forest,0.0123,0.013428,0.033695,0.018818,0.272753,0.107203,0.038672
802137.9,1778010,forest,0.008642,0.011392,0.034162,0.016948,0.25276,0.107615,0.045025
825041.1,1777254,forest,0.01153,0.017305,0.042302,0.024565,0.316725,0.128295,0.051405
808931.9,1782035,forest,0.011104,0.013702,0.03265,0.01791,0.247205,0.101235,0.040116
821980.4,1773257,forest,0.009151,0.014143,0.038384,0.020495,0.274306,0.122726,0.048848
815343.3,1781885,forest,0.015078,0.016081,0.03639,0.018501,0.287218,0.113651,0.040941
828432.8,1767452,forest,0.032512,0.034121,0.061113,0.038741,0.314484,0.182786,0.08006
824852.4,1782965,forest,0.009715,0.01549,0.044393,0.022475,0.317742,0.141192,0.058033
826346.8,1787765,forest,0.023658,0.025486,0.05674,0.029171,0.433971,0.189056,0.074931
819158.5,1786054,forest,0.021788,0.028608,0.055558,0.042248,0.165447,0.100053,0.058912
812812.9,1787486,forest,0.017979,0.017951,0.037463,0.019794,0.286448,0.115288,0.042028
806186.8,1784229,forest,0.01406,0.015298,0.036858,0.019395,0.288455,0.125298,0.045795
813781.1,1782528,forest,0.019656,0.018721,0.031468,0.016342,0.217725,0.090317,0.035386
817867.3,1773673,forest,0.019203,0.02099,0.04508,0.02616,0.334902,0.14078,0.056438
817652.2,1790154,forest,0.031316,0.033379,0.061951,0.036596,0.39807,0.19259,0.080143
824223.6,1773567,forest,0.023066,0.026971,0.05916,0.03122,0.490731,0.218756,0.087856
832394.4,1786272,forest,0.026077,0.031261,0.055874,0.036871,0.34637,0.157803,0.065238
808936.9,1787837,forest,0.010568,0.012905,0.030285,0.016645,0.212005,0.09029,0.03507
829418.4,1773025,forest,0.017167,0.021458,0.0442,0.02682,0.314333,0.11955,0.045795
807087.9,1782225,forest,0.012823,0.014679,0.03188,0.018433,0.22603,0.102129,0.040419
807293.6,1785659,forest,0.017525,0.01725,0.035647,0.018735,0.257188,0.107808,0.039442
807630.5,1790381,forest,0.014967,0.016274,0.039168,0.02143,0.273935,0.116319,0.045382
808742,1791589,forest,0.013606,0.015614,0.037242,0.017773,0.27641,0.111231,0.041189
830111.6,1772235,forest,0.013593,0.01626,0.038893,0.021898,0.29973,0.10844,0.03914
833657.6,1776468,forest,0.019271,0.023438,0.050346,0.031797,0.33669,0.132764,0.052505
826036.4,1764472,forest,0.025362,0.026765,0.054045,0.029872,0.397135,0.160222,0.06092
827764.1,1764821,forest,0.026765,0.029405,0.052422,0.03133,0.378462,0.166437,0.067933
828774.9,1785617,forest,0.011173,0.016425,0.042412,0.022007,0.332125,0.107478,0.042385
823549.5,1782708,forest,0.008202,0.013317,0.039938,0.020028,0.323792,0.12472,0.049837
804842.8,1780166,forest,0.010045,0.011118,0.031041,0.01417,0.215085,0.091335,0.033159
823580.7,1788177,forest,0.014693,0.021609,0.058706,0.041271,0.321565,0.215278,0.103339
832024.4,1786281,forest,0.028195,0.032017,0.055447,0.035785,0.36485,0.16916,0.067245
809219.2,1781970,forest,0.011723,0.013152,0.031193,0.01758,0.225343,0.091307,0.034987
821194.7,1766273,forest,0.020839,0.021196,0.048751,0.02495,0.395018,0.160896,0.06664
850565.4,1786349,forest,0.026889,0.029433,0.06081,0.034396,0.376716,0.152426,0.059284
822405.8,1770450,forest,0.015133,0.01758,0.039195,0.022599,0.258164,0.118794,0.048559
852364.3,1785767,forest,0.033502,0.03804,0.06477,0.047005,0.359542,0.19017,0.088832
808226.1,1780680,forest,0.010622,0.013152,0.036088,0.019258,0.247342,0.104838,0.04068
821266.4,1782851,forest,0.01439,0.018556,0.045121,0.022681,0.371079,0.146651,0.057469
826472.1,1782551,forest,0.013262,0.018433,0.051323,0.02693,0.382037,0.154502,0.06235
812502.8,1792232,forest,0.015902,0.017525,0.039085,0.02143,0.275035,0.11482,0.045602
829596.3,1786726,forest,0.017085,0.021691,0.049549,0.025308,0.349038,0.13506,0.054389
849751.1,1786620,forest,0.029378,0.031742,0.064742,0.03694,0.420455,0.173808,0.06521
826695.9,1789950,forest,0.0101,0.014252,0.037683,0.019148,0.270883,0.110283,0.046345
823020.4,1790509,forest,0.01197,0.018818,0.045218,0.023383,0.358305,0.163385,0.069115
826419.1,1770793,forest,0.016494,0.020206,0.048449,0.026187,0.339784,0.145317,0.056795
809395.2,1789590,forest,0.025253,0.023809,0.047019,0.023864,0.379095,0.155506,0.061401
831922.4,1771484,forest,0.025802,0.02825,0.055695,0.034932,0.359708,0.172845,0.075468
817934.3,1791751,forest,0.01384,0.015682,0.03573,0.02121,0.27498,0.110613,0.04585
850412.2,1768794,grassland,0.030161,0.044571,0.083649,0.073158,0.28048,0.231475,0.126329
844203.3,1776870,grassland,0.047445,0.05498,0.097852,0.076237,0.427687,0.285127,0.142925
851175.7,1768178,grassland,0.053179,0.064344,0.107766,0.094291,0.440667,0.380841,0.194941
839733.2,1768062,grassland,0.055365,0.064742,0.096285,0.088337,0.310235,0.24583,0.156922
826350.1,1772953,grassland,0.039277,0.049342,0.083443,0.064028,0.417045,0.322582,0.148618
826381.6,1772622,grassland,0.037064,0.046111,0.083649,0.064481,0.404533,0.31381,0.146981
822027.6,1785068,grassland,0.016727,0.024758,0.064825,0.050525,0.325223,0.185165,0.089822
847508.3,1788676,grassland,0.044007,0.0497,0.079111,0.064825,0.341351,0.218756,0.111314
834865.4,1772339,grassland,0.035373,0.042357,0.07368,0.05916,0.333596,0.197348,0.107739
850247.5,1768954,grassland,0.025651,0.04024,0.083415,0.070572,0.287658,0.229866,0.114146
838548.2,1779427,grassland,0.037215,0.041368,0.0706,0.056548,0.308337,0.186183,0.096367
850710.9,1782918,grassland,0.047074,0.052931,0.082123,0.073983,0.313851,0.189661,0.109045
841635.8,1769982,grassland,0.047005,0.053907,0.09436,0.07566,0.323215,0.217065,0.129642
833829,1790848,grassland,0.041216,0.045053,0.074725,0.059421,0.339715,0.202517,0.095872
835167.2,1771378,grassland,0.039387,0.047968,0.08105,0.069583,0.302783,0.206588,0.129147
836411.6,1768351,grassland,0.04629,0.055654,0.091527,0.085436,0.297269,0.225562,0.129587
830129.3,1779547,grassland,0.034506,0.039415,0.072057,0.055723,0.315529,0.187557,0.090414
822254.6,1785114,grassland,0.037463,0.048834,0.090524,0.10316,0.295674,0.280452,0.18863
850671.4,1769119,grassland,0.045946,0.057455,0.100066,0.083346,0.433944,0.35319,0.178125
827923.9,1773189,grassland,0.057978,0.067382,0.11394,0.147765,0.307086,0.325525,0.204319
848702.4,1783320,grassland,0.039883,0.053632,0.08677,0.072663,0.332565,0.21294,0.122493
850589.7,1782593,grassland,0.041532,0.05344,0.090262,0.074313,0.318265,0.211235,0.118862
848450.1,1783975,grassland,0.036404,0.040419,0.071068,0.045382,0.360574,0.16663,0.075192
850648.8,1767843,grassland,0.021788,0.031193,0.073845,0.04706,0.318018,0.197513,0.08952
837830.1,1774457,grassland,0.033502,0.036005,0.06268,0.045382,0.280562,0.164513,0.082892
851018.9,1768326,grassland,0.050525,0.063808,0.102858,0.113198,0.31887,0.324398,0.193552
831260.1,1777983,grassland,0.044007,0.053468,0.0827,0.070462,0.29797,0.200565,0.129367
832969.8,1788491,grassland,0.036981,0.04112,0.064756,0.05289,0.301751,0.18082,0.088063
827257.2,1769178,grassland,0.041299,0.048449,0.082425,0.073694,0.322858,0.203164,0.113431
851110.8,1768701,grassland,0.03914,0.051323,0.092765,0.082013,0.367463,0.30798,0.161845
850550.9,1768566,grassland,0.035881,0.054114,0.103765,0.095309,0.374337,0.30402,0.164733
843491,1772382,grassland,0.035001,0.048366,0.079895,0.066062,0.312889,0.22933,0.118862
836135.8,1777325,grassland,0.039085,0.042935,0.079592,0.063202,0.341942,0.217532,0.111437
828541.9,1771066,grassland,0.048861,0.057194,0.087169,0.077214,0.29698,0.195464,0.127841
838390.8,1779268,grassland,0.046675,0.05212,0.08193,0.072387,0.311775,0.192178,0.111602
836958.1,1774608,grassland,0.037022,0.043897,0.082892,0.059187,0.327697,0.202627,0.1014
836475.7,1790146,grassland,0.046812,0.050085,0.075605,0.053976,0.342561,0.196784,0.090771
835760.5,1767210,grassland,0.029859,0.03584,0.068139,0.046593,0.33801,0.179459,0.094113
851151.6,1768161,grassland,0.056864,0.068235,0.115521,0.103091,0.439141,0.376978,0.200235
853897.4,1783278,grassland,0.033228,0.044791,0.083223,0.061663,0.381969,0.227584,0.112276
812628.7,1784332,grassland,0.044626,0.054994,0.109018,0.129065,0.277207,0.265987,0.162917
840633.1,1769313,grassland,0.02979,0.034162,0.071508,0.051776,0.347938,0.207495,0.110778
837645.7,1769011,grassland,0.043856,0.050167,0.078658,0.06455,0.324631,0.210547,0.12076
846187.6,1787784,grassland,0.037187,0.041092,0.073955,0.049865,0.382422,0.183707,0.078933
835002.9,1789115,grassland,0.042028,0.046152,0.071343,0.057923,0.293048,0.172845,0.091995
836943.3,1774529,grassland,0.0365,0.042371,0.080775,0.059353,0.354249,0.217904,0.10547
833834.4,1777758,grassland,0.045355,0.051652,0.080775,0.071508,0.304735,0.234665,0.136518
832450.9,1778409,grassland,0.057702,0.064522,0.09931,0.099557,0.297145,0.23791,0.14078
838220.7,1771262,grassland,0.04453,0.051487,0.084708,0.068867,0.316505,0.200703,0.116112
833881.8,1773397,grassland,0.044365,0.052945,0.085725,0.074065,0.310592,0.217917,0.136848
845693.4,1780827,grassland,0.04464,0.050319,0.093452,0.064357,0.36166,0.213243,0.09854
841018.1,1773155,grassland,0.037297,0.045053,0.074698,0.062405,0.309547,0.19402,0.113858
826456.6,1772550,grassland,0.046826,0.057043,0.096794,0.083429,0.416784,0.325621,0.166121
826346.4,1773006,grassland,0.053303,0.063725,0.099888,0.089465,0.412343,0.326267,0.168033
836574.5,1793606,grassland,0.042522,0.048325,0.081738,0.064275,0.327587,0.201582,0.108495
850598.5,1769091,grassland,0.05047,0.062817,0.107698,0.100273,0.42656,0.367683,0.198063
839898.3,1768813,grassland,0.043458,0.049837,0.086028,0.085862,0.310592,0.233373,0.151698
850673.7,1767890,grassland,0.02451,0.033723,0.076155,0.052615,0.328028,0.196687,0.098925
835409,1790199,grassland,0.044283,0.047637,0.071645,0.06037,0.314195,0.19017,0.09447
847628.8,1773385,grassland,0.026298,0.037957,0.078341,0.066984,0.33086,0.196137,0.105731
837325.8,1772076,grassland,0.040075,0.046427,0.079317,0.060645,0.33504,0.223225,0.112015
826272.3,1773281,grassland,0.030038,0.045245,0.0937,0.08215,0.378848,0.271185,0.144767
848606.3,1774795,grassland,0.045589,0.066791,0.123262,0.132942,0.329485,0.24066,0.162835
845665.3,1786198,grassland,0.042688,0.046675,0.076444,0.057785,0.353671,0.181411,0.089946
845913.9,1786738,grassland,0.047637,0.051295,0.078245,0.06224,0.338285,0.194213,0.101648
850661,1768125,grassland,0.035647,0.045327,0.090345,0.070297,0.383138,0.281332,0.140505
840829.1,1769256,grassland,0.057702,0.06532,0.098526,0.087994,0.308984,0.246627,0.158848
845229.9,1774787,grassland,0.023602,0.031275,0.069307,0.04563,0.3401,0.178372,0.089658
843589.5,1772305,grassland,0.034644,0.043347,0.077448,0.060109,0.320644,0.200593,0.106144
853376.3,1783108,grassland,0.039951,0.048352,0.079441,0.062543,0.29962,0.187227,0.103916
850491.4,1768816,grassland,0.051611,0.066324,0.117556,0.109939,0.434274,0.392831,0.198365
850848.8,1768863,grassland,0.050814,0.064509,0.107354,0.104906,0.396599,0.356655,0.202297
834492.6,1772304,grassland,0.046249,0.051845,0.081806,0.069528,0.318939,0.217945,0.127456
852926.4,1783544,grassland,0.034795,0.04244,0.07445,0.0552,0.312132,0.178758,0.092765
842739.5,1769486,grassland,0.04673,0.052065,0.084708,0.062762,0.356957,0.22207,0.1091
837532.1,1771700,grassland,0.037297,0.042371,0.07269,0.06268,0.284523,0.197581,0.114462
835005.5,1773945,grassland,0.035263,0.04222,0.078259,0.058376,0.33768,0.212651,0.104796
831044.8,1773031,grassland,0.035923,0.043746,0.07302,0.06631,0.261725,0.183171,0.109664
850346,1768338,grassland,0.03716,0.052835,0.10327,0.093673,0.34043,0.276905,0.149663
828259.5,1773964,grassland,0.047198,0.059298,0.087568,0.077118,0.310208,0.226937,0.147875
833675.6,1774873,grassland,0.036995,0.04464,0.074505,0.05971,0.332593,0.18984,0.10767
837810.6,1772268,grassland,0.037875,0.042743,0.072635,0.059682,0.32778,0.1927,0.1025
826659,1772079,grassland,0.05025,0.05773,0.092683,0.077668,0.423507,0.309135,0.15618
850477.4,1768120,grassland,0.037765,0.05366,0.104673,0.10602,0.349065,0.325663,0.172818
850627.8,1769006,grassland,0.049068,0.06213,0.10371,0.097715,0.426918,0.379617,0.197623
844629.4,1776802,grassland,0.038494,0.043774,0.081971,0.053523,0.277386,0.181906,0.096601
836919.4,1774626,grassland,0.036376,0.044035,0.083264,0.065031,0.339619,0.222482,0.113253
827158.3,1778442,grassland,0.027178,0.03551,0.07269,0.06125,0.337955,0.23065,0.124472
848868.8,1783877,grassland,0.040336,0.045506,0.07368,0.058252,0.315309,0.200359,0.097976
850916.1,1768453,grassland,0.041203,0.052175,0.09359,0.079785,0.377418,0.312875,0.160773
836468.6,1775720,grassland,0.038948,0.043196,0.071934,0.061965,0.278307,0.18808,0.097509
850551.9,1768814,grassland,0.034383,0.045314,0.081462,0.070449,0.318815,0.257916,0.134661
842518.8,1769757,grassland,0.04772,0.057978,0.093494,0.081352,0.323669,0.220337,0.136903
828540,1771082,grassland,0.048861,0.057194,0.087169,0.077214,0.29698,0.195464,0.127841
841971.4,1767668,grassland,0.04893,0.059518,0.091582,0.078575,0.34648,0.239973,0.142733
832011.4,1776528,grassland,0.045163,0.051515,0.080033,0.071673,0.313315,0.214645,0.128708
849279.2,1772009,grassland,0.02396,0.033612,0.070958,0.052065,0.288152,0.177382,0.096092
850574.9,1768731,grassland,0.0409,0.055035,0.104054,0.088832,0.417609,0.334531,0.165997
833447.3,1786892,grassland,0.043375,0.046703,0.073295,0.056822,0.325607,0.1872,0.101042
832639.1,1771823,grassland,0.047747,0.055585,0.086852,0.0772,0.311115,0.213902,0.125078
849494.8,1771343,residential land,0.08017,0.105071,0.155383,0.149635,0.295963,0.319613,0.254204
844165.5,1770336,residential land,0.071068,0.08886,0.131183,0.121338,0.281635,0.270195,0.19765
844647.3,1773351,residential land,0.052766,0.073749,0.123524,0.129684,0.268201,0.260281,0.179761
843519.1,1768412,residential land,0.058995,0.07093,0.100437,0.099475,0.230595,0.182168,0.129312
829783.1,1778680,residential land,0.110846,0.121915,0.171635,0.214026,0.283753,0.312229,0.231063
846721.3,1768007,residential land,0.068029,0.081325,0.111314,0.110406,0.297984,0.289417,0.201211
843428.3,1774092,residential land,0.074093,0.106542,0.171855,0.171855,0.294725,0.294532,0.244812
847556.1,1773072,residential land,0.046152,0.059036,0.090813,0.09788,0.105126,0.106707,0.090538
842051.3,1778671,residential land,0.039305,0.044654,0.078066,0.062927,0.307636,0.209695,0.10558
837865.4,1777346,residential land,0.07126,0.088228,0.128543,0.122905,0.256995,0.251495,0.205047
846682.7,1777772,residential land,0.071851,0.100039,0.148521,0.14826,0.250312,0.264228,0.225013
845999.4,1774308,residential land,0.061113,0.079867,0.124747,0.140423,0.235875,0.243712,0.171772
846219.8,1780701,residential land,0.075523,0.088475,0.112208,0.11416,0.195395,0.170398,0.134785
830435.1,1782683,residential land,0.091899,0.109705,0.170961,0.199836,0.257022,0.263265,0.200689
839417.3,1775599,residential land,0.041464,0.051625,0.083401,0.072993,0.209241,0.15354,0.112524
835672.6,1781887,residential land,0.07819,0.08952,0.114297,0.123015,0.230375,0.255702,0.178372
831862.3,1781090,residential land,0.070339,0.080816,0.111547,0.105044,0.293818,0.257628,0.189001
843192.3,1770854,residential land,0.08633,0.111355,0.156647,0.160415,0.290985,0.285155,0.21481
843386.2,1773646,residential land,0.037476,0.053687,0.099337,0.100492,0.312724,0.238336,0.15816
843354.5,1777283,residential land,0.074876,0.096024,0.140711,0.146789,0.230994,0.245115,0.204126
835868,1767923,residential land,0.059036,0.071081,0.108522,0.106996,0.300926,0.242255,0.169476
832622.6,1780741,residential land,0.1102,0.135816,0.198337,0.203274,0.285856,0.302961,0.272807
843456.7,1770593,residential land,0.057139,0.076141,0.124019,0.119344,0.309823,0.23802,0.16861
846672.1,1784446,residential land,0.058404,0.063959,0.086646,0.077049,0.28609,0.193071,0.121489
833195.8,1783413,residential land,0.084818,0.093177,0.135912,0.159727,0.226635,0.247067,0.175375
845379.6,1770161,residential land,0.102445,0.117597,0.165667,0.183927,0.287218,0.326543,0.246902
832865,1777656,residential land,0.08116,0.093549,0.129326,0.143269,0.265245,0.289871,0.209585
832381.4,1775028,residential land,0.053041,0.062859,0.093728,0.084254,0.285884,0.202256,0.135307
835428.8,1781245,residential land,0.11416,0.126672,0.148095,0.136297,0.227034,0.304432,0.308943
849010.4,1772947,residential land,0.073185,0.094278,0.139405,0.150735,0.258975,0.295027,0.239698
845112.9,1779052,residential land,0.059504,0.077035,0.118917,0.133974,0.200455,0.206299,0.157569
845785.8,1774313,residential land,0.047266,0.065966,0.118642,0.149291,0.245968,0.315955,0.229481
831948.4,1779087,residential land,0.05652,0.06994,0.107423,0.101593,0.283533,0.216075,0.156345
843285.2,1773395,residential land,0.058583,0.082865,0.13297,0.143943,0.248388,0.234115,0.192947
832421.8,1773260,residential land,0.023754,0.030381,0.059215,0.043389,0.314264,0.140409,0.069032
833244.1,1783755,residential land,0.10338,0.116415,0.163688,0.189235,0.250065,0.27751,0.215195
844930.2,1774794,residential land,0.049508,0.075825,0.12978,0.134868,0.238322,0.229247,0.1828
836987.6,1778969,residential land,0.07148,0.089795,0.12439,0.114256,0.294986,0.235751,0.170109
829114.8,1781061,residential land,0.079579,0.094814,0.142554,0.15992,0.255483,0.267486,0.199905
829612.1,1780773,residential land,0.074409,0.084309,0.121832,0.140739,0.262289,0.298245,0.199382
837184.7,1776068,residential land,0.090015,0.10745,0.14661,0.15959,0.217697,0.25133,0.21679
846806,1780244,residential land,0.095941,0.118285,0.164031,0.166754,0.279187,0.269136,0.210974
842945.6,1773407,residential land,0.069665,0.093177,0.146775,0.151189,0.252004,0.269122,0.231736
848811.9,1783253,residential land,0.059022,0.068345,0.094085,0.086962,0.258315,0.18665,0.13044
843329.4,1774590,residential land,0.051405,0.069775,0.116965,0.11042,0.271927,0.23527,0.174907
835161.7,1780220,residential land,0.074505,0.084928,0.114669,0.1245,0.1938,0.205432,0.163454
849092.4,1770762,residential land,0.051845,0.06719,0.111245,0.112482,0.241567,0.22889,0.165227
839610.9,1777742,residential land,0.110654,0.140093,0.198805,0.188864,0.262399,0.261354,0.23967
843223.2,1779390,residential land,0.096588,0.118697,0.158655,0.155905,0.242695,0.273027,0.236123
838605.6,1780561,residential land,0.062845,0.073914,0.107972,0.109361,0.274526,0.268174,0.174522
842382.8,1770590,residential land,0.070861,0.086055,0.136462,0.125449,0.236384,0.222551,0.192054
839246.4,1778810,residential land,0.065059,0.07786,0.118024,0.114064,0.277139,0.237607,0.171222
844205.4,1777423,residential land,0.107203,0.132722,0.185633,0.18599,0.256088,0.30765,0.277537
847791.2,1774448,residential land,0.04068,0.057978,0.095116,0.089424,0.209654,0.172694,0.129395
845842.2,1768442,residential land,0.112318,0.12692,0.166135,0.155135,0.32657,0.324288,0.266565
835405.1,1782898,residential land,0.104205,0.122548,0.156098,0.154392,0.267968,0.269342,0.222208
846103.8,1773848,residential land,0.054471,0.077516,0.125325,0.132324,0.249845,0.241719,0.178056
844949.9,1780563,residential land,0.170618,0.200276,0.238584,0.268765,0.323366,0.348075,0.292058
832149.2,1787575,residential land,0.060013,0.069335,0.09997,0.100919,0.250464,0.191078,0.135294
837130.3,1777325,residential land,0.073474,0.089465,0.127993,0.118587,0.27608,0.25111,0.199149
837024.8,1779528,residential land,0.077695,0.09667,0.147462,0.141055,0.270222,0.228835,0.18247
828776.2,1781411,residential land,0.060645,0.073487,0.116057,0.129752,0.232795,0.262165,0.181727
835114.9,1768699,residential land,0.072057,0.080363,0.106969,0.111492,0.266854,0.285939,0.203123
846151.5,1770722,residential land,0.069885,0.087595,0.12593,0.132062,0.247617,0.24704,0.183048
833652.9,1786956,residential land,0.064729,0.07412,0.101056,0.093191,0.273027,0.207976,0.148934
844025,1779100,residential land,0.07126,0.095047,0.138305,0.141577,0.228862,0.241182,0.198173
847738.1,1774102,residential land,0.047473,0.064247,0.101565,0.10415,0.251358,0.242668,0.174165
847013.6,1781886,residential land,0.064467,0.077668,0.106515,0.102885,0.191078,0.170398,0.132832
841567.1,1772631,residential land,0.043458,0.054265,0.09348,0.084515,0.299895,0.228038,0.154805
843884.5,1780936,residential land,0.105387,0.122025,0.158903,0.15761,0.244482,0.253557,0.2048
847329.3,1777198,residential land,0.05806,0.083195,0.134758,0.13286,0.23406,0.21591,0.179473
837230.8,1777587,residential land,0.128474,0.152468,0.198764,0.196041,0.28279,0.301641,0.278074
846373.1,1772919,residential land,0.07951,0.103985,0.158958,0.187172,0.274072,0.31997,0.23241
845379,1773211,residential land,0.101785,0.132365,0.182016,0.195794,0.280356,0.296856,0.233689
839862,1772596,residential land,0.068084,0.074766,0.10921,0.12582,0.264901,0.28356,0.183762
846644.8,1779804,residential land,0.061387,0.081958,0.123345,0.120567,0.280452,0.23373,0.173093
840502.9,1768809,residential land,0.085065,0.09931,0.135637,0.134043,0.312215,0.273935,0.2191
828901.6,1769687,residential land,0.044722,0.052533,0.09029,0.08897,0.295413,0.202903,0.12692
842525.9,1772991,residential land,0.05696,0.071315,0.115288,0.102858,0.281745,0.232465,0.171992
840596.2,1768544,residential land,0.068785,0.081751,0.118258,0.117625,0.296045,0.269411,0.190266
844381.1,1776059,residential land,0.0607,0.083429,0.122039,0.114738,0.203081,0.197306,0.161226
833534.7,1778217,residential land,0.091706,0.109746,0.144836,0.16058,0.276396,0.293226,0.222936
843886.6,1776015,residential land,0.06136,0.082287,0.127993,0.127002,0.24484,0.20843,0.157913
832334.9,1777424,residential land,0.090097,0.104673,0.136297,0.1245,0.299895,0.281415,0.21437
835796.9,1780477,residential land,0.055461,0.065623,0.094607,0.089919,0.260556,0.211015,0.13671
847424.1,1775702,residential land,0.050498,0.0706,0.116085,0.114848,0.256638,0.218,0.158325
843219.6,1779677,residential land,0.119069,0.14606,0.185811,0.184656,0.243066,0.301737,0.279641
844464.8,1769754,residential land,0.072277,0.081229,0.105511,0.104604,0.178125,0.164375,0.121791
844334.1,1766985,residential land,0.06532,0.078658,0.110283,0.107643,0.30358,0.24858,0.176255
845384.2,1773766,residential land,0.058088,0.086358,0.13627,0.139721,0.279792,0.233056,0.175416
836085.2,1767868,residential land,0.047445,0.06048,0.095763,0.089877,0.26783,0.19512,0.135692
840954.6,1772291,residential land,0.052312,0.069569,0.106268,0.088296,0.291769,0.216185,0.156592
846842.8,1779240,residential land,0.057318,0.072718,0.113115,0.113912,0.260653,0.214562,0.160718
842851.3,1771915,residential land,0.024414,0.034327,0.074876,0.052862,0.35253,0.202229,0.094745
837201.3,1780835,residential land,0.086962,0.104851,0.144506,0.155176,0.246325,0.26475,0.220956
853996.4,1784680,residential land,0.05487,0.069995,0.104535,0.097385,0.24088,0.18995,0.135472
843711.3,1770486,residential land,0.06521,0.08193,0.116498,0.122713,0.21151,0.213435,0.165227
842876.3,1770808,residential land,0.050181,0.067025,0.109086,0.105759,0.323628,0.253929,0.168129
850397.3,1769541,residential land,0.0673,0.097852,0.15629,0.162367,0.300088,0.312435,0.251605
847588,1783027,residential land,0.077654,0.08545,0.105566,0.10558,0.177327,0.202421,0.171676
829340.3,1770550,rice paddies,0.029969,0.035483,0.070325,0.059036,0.28301,0.156304,0.082233
826418.9,1772157,rice paddies,0.014308,0.01989,0.049315,0.033035,0.249103,0.12835,0.057372
827224.4,1765750,rice paddies,0.044667,0.047747,0.075247,0.065128,0.120347,0.113473,0.083635
847876,1771223,rice paddies,0.06752,0.081683,0.125105,0.127718,0.207467,0.215003,0.140423
836197.6,1768464,rice paddies,0.03199,0.041945,0.07918,0.069748,0.210437,0.132392,0.079304
835111.8,1767922,rice paddies,0.027012,0.033805,0.066475,0.05069,0.256885,0.148975,0.071123
830629,1778717,rice paddies,0.043237,0.046043,0.072718,0.07621,0.22196,0.18489,0.113638
838547.8,1770667,rice paddies,0.0464,0.056107,0.096477,0.085807,0.18412,0.13033,0.0739
838754.6,1766947,rice paddies,0.028772,0.035606,0.069844,0.049122,0.305945,0.160828,0.084611
824169.4,1786688,rice paddies,0.00779,0.016948,0.059298,0.04805,0.256225,0.151753,0.079785
813172.8,1785066,rice paddies,0.017291,0.021952,0.054526,0.043664,0.140601,0.072924,0.035867
845427.6,1768249,rice paddies,0.04288,0.051625,0.087568,0.076018,0.29038,0.176558,0.095653
835003.4,1770777,rice paddies,0.024813,0.03221,0.064935,0.04783,0.281745,0.15211,0.069115
839749.5,1766566,rice paddies,0.029212,0.035923,0.070297,0.050112,0.196853,0.10217,0.050827
833182.6,1769109,rice paddies,0.027136,0.032238,0.066846,0.053082,0.272519,0.161034,0.074794
838144.2,1768559,rice paddies,0.028415,0.033654,0.06752,0.048366,0.284413,0.143159,0.06752
826807.7,1780492,rice paddies,0.011723,0.018515,0.048682,0.029708,0.241182,0.097,0.044365
830510.3,1782297,rice paddies,0.036761,0.046207,0.086069,0.082164,0.246408,0.162464,0.100341
837923.8,1767279,rice paddies,0.034438,0.04365,0.083388,0.075275,0.256748,0.171332,0.103462
833667.6,1772980,rice paddies,0.032677,0.039663,0.075412,0.059242,0.262605,0.166327,0.0882
837375.4,1766293,rice paddies,0.02473,0.030945,0.065073,0.042853,0.273742,0.130798,0.06356
831637.2,1777863,rice paddies,0.031413,0.036472,0.065568,0.050855,0.27927,0.175925,0.09128
833078.8,1783307,rice paddies,0.064385,0.070655,0.108756,0.108412,0.234912,0.179514,0.116608
841818.8,1768712,rice paddies,0.037944,0.040185,0.074381,0.049425,0.340004,0.165681,0.078314
840141.9,1779693,rice paddies,0.023135,0.032898,0.060672,0.043292,0.13891,0.091143,0.05916
832867.6,1774433,rice paddies,0.031962,0.037504,0.069693,0.059105,0.263045,0.185083,0.101565
836407.2,1770256,rice paddies,0.02682,0.032925,0.067025,0.050085,0.290875,0.170453,0.08138
844050.8,1766219,rice paddies,0.03364,0.042302,0.073295,0.062075,0.32525,0.165585,0.07797
841982.1,1775266,rice paddies,0.02649,0.036803,0.066613,0.054224,0.268669,0.144781,0.080486
842807.4,1768354,rice paddies,0.041423,0.047747,0.083443,0.09062,0.331493,0.166768,0.077448
840341.5,1770960,rice paddies,0.015985,0.025335,0.063863,0.039387,0.252292,0.103655,0.04574
838156.6,1770442,rice paddies,0.031907,0.035537,0.076155,0.067822,0.303882,0.165502,0.082397
838547.3,1769261,rice paddies,0.02803,0.0343,0.0706,0.059504,0.297241,0.156812,0.074519
838772.4,1770151,rice paddies,0.031825,0.038837,0.07984,0.061937,0.28851,0.171195,0.098128
842826.7,1768518,rice paddies,0.0376,0.039003,0.075412,0.060714,0.352159,0.173409,0.081889
846238.9,1776696,rice paddies,0.028882,0.040982,0.075357,0.06301,0.248553,0.16795,0.109293
831892.3,1772655,rice paddies,0.025583,0.03122,0.063037,0.049659,0.266249,0.152179,0.072649
830862.1,1782980,rice paddies,0.03804,0.04761,0.0882,0.076237,0.279531,0.18269,0.104123
849805.3,1768173,rice paddies,0.011049,0.018199,0.045039,0.032567,0.119564,0.052821,0.028126
825858.8,1768468,rice paddies,0.028717,0.034603,0.064632,0.048133,0.2763,0.114201,0.054375
838221.6,1768712,rice paddies,0.030065,0.033888,0.075633,0.057647,0.323105,0.162642,0.076732
831723.4,1782829,rice paddies,0.043375,0.05289,0.096092,0.096615,0.067877,0.035895,0.027563
841174.2,1771235,rice paddies,0.034658,0.043788,0.082782,0.058803,0.161378,0.081077,0.040817
831861.6,1769146,rice paddies,0.03188,0.036913,0.058555,0.04255,0.299648,0.150048,0.076073
827513.6,1785001,rice paddies,0.02022,0.028291,0.069197,0.052972,0.30006,0.177602,0.095089
831490.1,1771116,rice paddies,0.02583,0.030697,0.057647,0.039855,0.123097,0.067162,0.033365
831046.1,1781687,rice paddies,0.027123,0.035799,0.068579,0.057084,0.265039,0.145895,0.074175
841727.3,1775815,rice paddies,0.021513,0.028099,0.058335,0.0398,0.249886,0.109238,0.052766
830598.6,1784453,rice paddies,0.026435,0.033021,0.063931,0.053564,0.309135,0.146074,0.071618
838275.1,1769248,rice paddies,0.029845,0.036143,0.07995,0.063588,0.284055,0.155273,0.07621
835746.4,1768094,rice paddies,0.025445,0.030697,0.063367,0.04475,0.270388,0.142898,0.070023
842773.4,1768409,rice paddies,0.038178,0.044228,0.082892,0.07511,0.317358,0.16377,0.073872
831808.1,1778804,rice paddies,0.027026,0.032348,0.064179,0.0519,0.256541,0.133272,0.065623
829743.4,1783397,rice paddies,0.010705,0.019615,0.04596,0.031825,0.16278,0.075853,0.035867
833282.5,1770067,rice paddies,0.037655,0.042495,0.075454,0.062625,0.357301,0.21085,0.10822
846554.9,1788151,rice paddies,0.03573,0.038233,0.060233,0.04321,0.20194,0.110145,0.055145
849707.3,1769553,rice paddies,0.032953,0.048848,0.085931,0.096794,0.175512,0.148136,0.108481
841886.1,1767996,rice paddies,0.031261,0.037421,0.075756,0.048834,0.358388,0.185839,0.086028
834395.3,1773416,rice paddies,0.025816,0.033557,0.067534,0.055516,0.242571,0.158325,0.076815
837895,1767810,rice paddies,0.033021,0.037036,0.07038,0.055035,0.331864,0.156359,0.076306
836156.9,1768868,rice paddies,0.025885,0.0343,0.071727,0.051185,0.27938,0.150707,0.075055
841691.8,1771710,rice paddies,0.055282,0.068359,0.105071,0.09568,0.345586,0.246504,0.157693
837050.8,1766276,rice paddies,0.026077,0.029927,0.061167,0.039277,0.2488,0.133603,0.061113
828534.6,1765769,rice paddies,0.039332,0.046262,0.079235,0.07566,0.20788,0.162422,0.093838
832818.6,1773492,rice paddies,0.016342,0.020082,0.045988,0.027342,0.284193,0.116195,0.048243
835521.4,1771913,rice paddies,0.02913,0.032375,0.059215,0.038562,0.265217,0.134153,0.060893
848112.8,1771530,rice paddies,0.044819,0.057647,0.093796,0.093397,0.11438,0.10327,0.070407
844145.1,1768477,rice paddies,0.044173,0.050745,0.07544,0.05839,0.13605,0.08545,0.045465
836980.8,1766595,rice paddies,0.031179,0.033599,0.067465,0.04145,0.307829,0.158531,0.070572
826753.3,1768128,rice paddies,0.037957,0.041024,0.070847,0.053729,0.336552,0.198351,0.097248
832004.2,1769198,rice paddies,0.02616,0.031468,0.058665,0.048435,0.232905,0.115205,0.050085
843459.7,1781487,rice paddies,0.047555,0.054402,0.081848,0.071645,0.211895,0.146748,0.08864
845156.4,1775361,rice paddies,0.013029,0.027081,0.066599,0.054265,0.312586,0.187282,0.103119
833099.5,1773114,rice paddies,0.036527,0.042165,0.078713,0.066833,0.229907,0.144726,0.082947
836832.9,1765652,rice paddies,0.02759,0.034438,0.071398,0.046867,0.302013,0.149965,0.071618
830955.3,1767962,rice paddies,0.046386,0.057702,0.103944,0.083126,0.112936,0.04959,0.023699
834300.5,1770304,rice paddies,0.02803,0.033228,0.06598,0.047445,0.266345,0.153925,0.074752
837128.1,1765785,rice paddies,0.044887,0.056052,0.091527,0.082315,0.29764,0.236453,0.134978
831753.8,1780375,rice paddies,0.029405,0.035249,0.072167,0.055709,0.259924,0.147462,0.071947
835504.8,1767907,rice paddies,0.02792,0.033406,0.0684,0.046001,0.259663,0.149291,0.071329
837349.4,1766373,rice paddies,0.028663,0.032348,0.067382,0.04211,0.291838,0.150432,0.070517
839057.1,1767831,rice paddies,0.029157,0.033695,0.066145,0.044887,0.305312,0.157142,0.07489
836940.8,1765518,rice paddies,0.030367,0.03353,0.069087,0.04409,0.2972,0.153897,0.070792
837812.9,1770228,rice paddies,0.038741,0.048036,0.082397,0.072786,0.285801,0.170851,0.094113
826940.4,1780643,rice paddies,0.010568,0.018103,0.047734,0.019533,0.041134,0.020289,0.013936
842408.8,1769622,rice paddies,0.037408,0.042248,0.076457,0.053852,0.404395,0.200043,0.095185
840826.1,1770277,rice paddies,0.035881,0.042454,0.082178,0.064632,0.334078,0.175471,0.086206
841893.8,1769233,rice paddies,0.0354,0.037201,0.075041,0.05025,0.324054,0.163,0.077819
840081.2,1769600,rice paddies,0.029102,0.035015,0.076512,0.055558,0.310702,0.163467,0.073267
834229.3,1771479,rice paddies,0.028882,0.034919,0.066709,0.04937,0.106955,0.064963,0.038837
832748.1,1767933,rice paddies,0.019821,0.025541,0.05421,0.035483,0.30292,0.123249,0.051391
841587.4,1769269,rice paddies,0.036968,0.03793,0.07797,0.05454,0.357893,0.187612,0.08776
827824.1,1776720,rice paddies,0.024262,0.029886,0.059242,0.044228,0.231805,0.123565,0.059215
826125.7,1768114,rice paddies,0.033997,0.038081,0.068551,0.055172,0.276245,0.157225,0.080528
837561.6,1768725,rice paddies,0.03584,0.04409,0.081738,0.06015,0.161268,0.075247,0.037738
823289,1786252,rice paddies,0.015187,0.02704,0.069555,0.069252,0.198269,0.14683,0.09073
835485.9,1767507,rice paddies,0.024029,0.028553,0.061635,0.041945,0.257174,0.13913,0.066351
833706.2,1782024,rice paddies,0.029735,0.03606,0.070435,0.044887,0.395705,0.170755,0.069032
839491.4,1778716,rice paddies,0.046758,0.055117,0.08556,0.090565,0.212005,0.155988,0.104755
838017,1766430,rice paddies,0.029969,0.034217,0.068909,0.049947,0.279627,0.151395,0.072057
837226,1771268,scrub,0.056341,0.066076,0.104576,0.098471,0.314965,0.243891,0.17169
848712.9,1783802,scrub,0.050607,0.054595,0.07786,0.06862,0.280494,0.19402,0.114311
833494.1,1781957,scrub,0.032348,0.03958,0.07654,0.048545,0.452713,0.194185,0.083305
831379.4,1776456,scrub,0.053495,0.059902,0.08666,0.087568,0.286475,0.246353,0.144465
834451,1775372,scrub,0.039113,0.04497,0.077365,0.065348,0.293598,0.207138,0.114407
848730.9,1772010,scrub,0.05157,0.065554,0.108522,0.110448,0.284,0.282268,0.183872
835730.2,1776643,scrub,0.063698,0.069528,0.105112,0.104645,0.281058,0.24704,0.165585
826554.8,1776862,scrub,0.029625,0.0376,0.073377,0.063766,0.306028,0.2114,0.126425
836414.3,1769971,scrub,0.037628,0.044365,0.07478,0.059875,0.320657,0.193951,0.112551
831471.4,1770653,scrub,0.033736,0.039993,0.072993,0.06422,0.296994,0.215759,0.115796
839359.1,1772363,scrub,0.05608,0.063698,0.09799,0.09931,0.256335,0.226772,0.153815
835173.8,1765415,scrub,0.063257,0.069417,0.099062,0.103243,0.282817,0.30248,0.187557
841605.4,1775145,scrub,0.024125,0.031825,0.0585,0.047885,0.278417,0.146115,0.071673
836314.1,1776460,scrub,0.060783,0.070325,0.111658,0.128295,0.294835,0.24264,0.183322
840551.1,1772501,scrub,0.0475,0.058583,0.098238,0.089149,0.29082,0.23538,0.1509
835316.4,1769067,scrub,0.040157,0.04519,0.072112,0.065952,0.316258,0.21151,0.118615
828925.7,1777244,scrub,0.046977,0.051542,0.077915,0.06609,0.318842,0.207907,0.12439
834493.9,1770828,scrub,0.050346,0.06213,0.096945,0.090249,0.297076,0.229797,0.161914
830031.6,1779584,scrub,0.044007,0.048462,0.078382,0.069431,0.297145,0.23263,0.130839
839944.1,1775637,scrub,0.070256,0.079455,0.116016,0.12054,0.302686,0.27685,0.195477
833975.9,1773900,scrub,0.044915,0.048958,0.077805,0.0717,0.296485,0.246298,0.13902
834812.9,1771164,scrub,0.038343,0.046758,0.079867,0.068428,0.293432,0.186897,0.114242
853942.6,1784078,scrub,0.036926,0.044557,0.076279,0.06103,0.308269,0.20645,0.109554
830144.3,1769845,scrub,0.036321,0.041986,0.073542,0.056424,0.308819,0.20051,0.104989
834732.3,1765731,scrub,0.044393,0.049068,0.075976,0.07137,0.276506,0.236274,0.135926
833752.6,1778014,scrub,0.05784,0.06268,0.09271,0.08974,0.30666,0.266207,0.168225
849023,1783584,scrub,0.056231,0.061044,0.088145,0.07775,0.271969,0.196839,0.11779
827781.9,1778201,scrub,0.061704,0.074972,0.114352,0.112455,0.301146,0.258232,0.174564
839897.3,1769340,scrub,0.063698,0.069225,0.102885,0.100465,0.304515,0.258562,0.180682
827380.8,1780349,scrub,0.043733,0.05487,0.09348,0.097632,0.30776,0.290903,0.17224
838679.8,1777229,scrub,0.03661,0.04288,0.08171,0.053385,0.413442,0.18643,0.088118
830859.6,1784540,scrub,0.029982,0.036693,0.073845,0.054733,0.328275,0.189372,0.091637
850375.5,1786108,scrub,0.033173,0.035565,0.066392,0.04508,0.38795,0.189537,0.081132
850104.6,1769840,scrub,0.051295,0.069816,0.116181,0.132379,0.282914,0.333431,0.240468
832795.1,1766708,scrub,0.054691,0.064041,0.09447,0.095501,0.314401,0.259979,0.162147
838749.7,1767307,scrub,0.038398,0.04585,0.079895,0.06345,0.295743,0.178702,0.105085
836530.3,1766825,scrub,0.060893,0.072154,0.110654,0.100259,0.313425,0.250642,0.173148
840332.2,1771576,scrub,0.050057,0.060233,0.10173,0.093576,0.31502,0.231887,0.164774
839328.4,1773334,scrub,0.041395,0.049013,0.080308,0.066833,0.314965,0.212803,0.120155
849579.6,1770594,scrub,0.03584,0.045465,0.075743,0.066448,0.306963,0.228917,0.131513
834873.7,1772788,scrub,0.036307,0.042055,0.06895,0.054457,0.30886,0.178207,0.09425
831567.3,1776774,scrub,0.058693,0.065952,0.101854,0.099791,0.300541,0.250546,0.156606
837469.3,1770200,scrub,0.053907,0.063312,0.100355,0.083855,0.329375,0.223912,0.146858
844331,1769302,scrub,0.059875,0.065403,0.088255,0.099805,0.251192,0.296953,0.176668
834720.6,1767605,scrub,0.033915,0.038961,0.074533,0.053385,0.362031,0.182374,0.090139
827766.8,1774102,scrub,0.047349,0.059187,0.096092,0.091335,0.296389,0.242571,0.156221
842433.6,1775435,scrub,0.074134,0.092463,0.127539,0.140973,0.206643,0.249817,0.190899
822878.4,1767681,scrub,0.057235,0.062212,0.093563,0.09854,0.30094,0.245211,0.145771
835329,1776215,scrub,0.028456,0.031275,0.061566,0.043581,0.328646,0.163509,0.072553
832191.9,1766706,scrub,0.061663,0.071975,0.09997,0.106432,0.314855,0.278087,0.161598
830738.7,1781300,scrub,0.038865,0.046538,0.0816,0.069225,0.326543,0.202325,0.114572
844277.1,1768277,scrub,0.04673,0.054677,0.081462,0.081297,0.274595,0.232987,0.135885
839904.5,1774548,scrub,0.044887,0.05113,0.0816,0.077063,0.290187,0.229082,0.126535
850817.8,1769439,scrub,0.048325,0.064797,0.111272,0.121475,0.310042,0.287822,0.193305
834779,1769075,scrub,0.051763,0.057895,0.087691,0.081297,0.270456,0.253406,0.159123
835495.4,1765756,scrub,0.0651,0.079043,0.11559,0.116278,0.326597,0.287988,0.186815
834893.1,1775940,scrub,0.038755,0.045988,0.075523,0.072415,0.283807,0.201692,0.111465
841181.1,1767385,scrub,0.034671,0.042028,0.075206,0.058142,0.29984,0.19754,0.098128
851104.3,1768785,scrub,0.044365,0.059187,0.102445,0.109183,0.307787,0.301765,0.186677
815418.4,1785352,scrub,0.051955,0.061855,0.10283,0.094745,0.31183,0.232217,0.147517
840770.4,1769984,scrub,0.032622,0.03826,0.071782,0.053055,0.36705,0.197293,0.093755
841326,1769559,scrub,0.0442,0.054251,0.086206,0.077104,0.30424,0.200263,0.128886
831571.9,1785020,scrub,0.054567,0.064687,0.102472,0.106158,0.306,0.247287,0.156015
834573.6,1771489,scrub,0.037875,0.046015,0.07797,0.066392,0.3126,0.209173,0.126122
813416.8,1784615,scrub,0.019533,0.020522,0.04959,0.027508,0.302123,0.15244,0.062405
837216.4,1771990,scrub,0.038645,0.044557,0.077585,0.062102,0.317935,0.222153,0.11185
848501.6,1771474,scrub,0.025816,0.035001,0.070339,0.052478,0.298548,0.17521,0.090345
838794.9,1771712,scrub,0.051048,0.058926,0.091239,0.080761,0.301407,0.212033,0.128089
823434.8,1767865,scrub,0.03826,0.041986,0.07181,0.063395,0.312311,0.182594,0.092064
837439.5,1775513,scrub,0.0607,0.069032,0.10217,0.100987,0.285251,0.246531,0.16135
830970.9,1784545,scrub,0.038081,0.04508,0.081022,0.076746,0.283244,0.192136,0.112702
835340.1,1768709,scrub,0.071178,0.077984,0.105773,0.108605,0.274155,0.28818,0.1982
834802.1,1776860,scrub,0.026421,0.030395,0.06532,0.041766,0.37519,0.174742,0.075853
837491.1,1767240,scrub,0.039552,0.046262,0.079565,0.066558,0.293598,0.192645,0.111327
832510.7,1779390,scrub,0.051185,0.059779,0.092545,0.094951,0.290215,0.264626,0.16113
847610.4,1768783,scrub,0.052065,0.062652,0.097165,0.092573,0.310235,0.29038,0.171937
842773.9,1774467,scrub,0.039635,0.049246,0.083401,0.07687,0.291769,0.270608,0.150419
839095.5,1771979,scrub,0.055833,0.06147,0.086578,0.09458,0.267665,0.262742,0.16586
834079.7,1768034,scrub,0.060975,0.067108,0.090455,0.096588,0.279325,0.29643,0.193305
841662.9,1769939,scrub,0.059298,0.073652,0.113198,0.107533,0.296485,0.254273,0.174605
848792.3,1783779,scrub,0.050346,0.053729,0.073749,0.060026,0.288758,0.170219,0.097756
827798.4,1774752,scrub,0.036088,0.042522,0.07412,0.07027,0.284564,0.205419,0.113596
847578.8,1788656,scrub,0.035166,0.037738,0.068455,0.040639,0.406347,0.184312,0.074258
833543.9,1790589,scrub,0.033008,0.036335,0.067602,0.050607,0.299868,0.168005,0.079922
834987.8,1772868,scrub,0.044448,0.05333,0.089383,0.081077,0.299125,0.214755,0.13473
836526.8,1765118,scrub,0.050415,0.060576,0.094539,0.092394,0.308145,0.243341,0.155424
849731.1,1770457,scrub,0.026242,0.037944,0.073391,0.070847,0.264516,0.252554,0.155053
826153.2,1777304,scrub,0.032787,0.046895,0.083745,0.076732,0.307155,0.227295,0.145482
835418.1,1768750,scrub,0.05883,0.064385,0.09315,0.095405,0.276272,0.27069,0.17114
842579.1,1775337,scrub,0.046689,0.054554,0.085038,0.082837,0.282254,0.270731,0.162409
839197.8,1771983,scrub,0.052271,0.05619,0.079565,0.087911,0.255304,0.249639,0.150996
846854.4,1768638,scrub,0.074739,0.088571,0.116374,0.118711,0.289197,0.286599,0.213298
831301.9,1776669,scrub,0.056438,0.06664,0.097962,0.10052,0.311308,0.24583,0.158476
827844.2,1774330,scrub,0.048944,0.056864,0.092655,0.093535,0.291714,0.252581,0.162601
845176.6,1785501,scrub,0.044887,0.048215,0.07247,0.059435,0.27443,0.1674,0.091335
829596.6,1771031,scrub,0.05487,0.065155,0.094442,0.088667,0.315955,0.220722,0.134208
836569.3,1771959,scrub,0.047473,0.055626,0.087512,0.085972,0.262522,0.222304,0.139886
842779.7,1770918,scrub,0.044736,0.054664,0.094539,0.086619,0.315116,0.212088,0.126989
848602.2,1768731,scrub,0.06543,0.079249,0.122396,0.13187,0.346892,0.298699,0.198434
841817.9,1769511,scrub,0.086193,0.099626,0.134455,0.131196,0.303773,0.277359,0.202916
830981.9,1783942,water,0.023616,0.03243,0.059573,0.042798,0.070476,0.047266,0.028456
831518.4,1773062,water,0.018735,0.023822,0.042908,0.026572,0.041615,0.015463,0.009165
845050.4,1781377,water,0.03892,0.051268,0.071343,0.046207,0.034052,0.014363,0.010375
831576.2,1773223,water,0.021128,0.027727,0.056534,0.043141,0.197911,0.0816,0.04409
846158.3,1775929,water,0.020743,0.03254,0.062969,0.037573,0.025101,0.017099,0.013304
830416.6,1783412,water,0.022173,0.03188,0.060893,0.045327,0.04992,0.029845,0.019505
832783.9,1771329,water,0.036253,0.042715,0.07027,0.05058,0.09887,0.040735,0.024895
827605.1,1786363,water,0.01593,0.024606,0.055063,0.041752,0.042564,0.021843,0.013634
845140.7,1774438,water,0.011145,0.02726,0.068029,0.046703,0.026765,0.02022,0.015421
845494,1779063,water,0.024881,0.038178,0.064536,0.047637,0.063931,0.039704,0.027975
845702.6,1771927,water,0.02253,0.035235,0.060893,0.043513,0.031852,0.024372,0.015655
833321.1,1784011,water,0.047528,0.05817,0.085807,0.07357,0.077283,0.045905,0.028553
840381.6,1770838,water,0.042124,0.053536,0.091857,0.070023,0.045836,0.017649,0.011599
845128.6,1780384,water,0.036734,0.045616,0.070958,0.042949,0.03045,0.017346,0.014404
826303.3,1785909,water,0.011668,0.020605,0.054293,0.033379,0.058844,0.030464,0.018584
838206.7,1767115,water,0.039773,0.04816,0.086935,0.067905,0.078988,0.04145,0.021705
835678.8,1781368,water,0.028635,0.03353,0.055241,0.039209,0.060824,0.034534,0.023273
846961.4,1773674,water,0.00647,0.019643,0.050002,0.034217,0.043568,0.028415,0.019863
828381.2,1766122,water,0.038948,0.040721,0.061828,0.044365,0.068166,0.027535,0.017896
846969.8,1773775,water,0.007707,0.019752,0.046235,0.031248,0.028497,0.021237,0.01615
827726.4,1784698,water,0.01582,0.022956,0.044585,0.025651,0.045382,0.017346,0.010059
835569,1771416,water,0.030835,0.037421,0.061924,0.047473,0.131609,0.081655,0.048848
845038.3,1777222,water,0.027494,0.036211,0.062831,0.042949,0.033214,0.022929,0.018542
844362.9,1774608,water,0.011695,0.020949,0.042344,0.02792,0.034603,0.020028,0.014211
844917.3,1782181,water,0.063312,0.071989,0.093136,0.076499,0.10008,0.082164,0.056685
846581.6,1773856,water,0.013455,0.030065,0.056877,0.04002,0.032746,0.021279,0.015793
844164.8,1772981,water,0.02506,0.04288,0.082865,0.065265,0.059627,0.04926,0.036968
826253.2,1779699,water,0.014582,0.021306,0.050443,0.021485,0.037463,0.013634,0.009041
835359,1781806,water,0.032045,0.036858,0.054898,0.04123,0.05388,0.024262,0.019505
849788.2,1768834,water,0.014555,0.021622,0.036569,0.026641,0.036816,0.022585,0.017071
845110,1770377,water,0.040377,0.048586,0.067108,0.050099,0.03364,0.021141,0.014184
838452.4,1767810,water,0.033544,0.041642,0.08391,0.060397,0.091844,0.041203,0.021705
845213.3,1777624,water,0.01197,0.024592,0.063643,0.039773,0.020522,0.014885,0.011888
845504.2,1778136,water,0.013675,0.027934,0.059298,0.034369,0.016948,0.016026,0.013235
846544.6,1774376,water,0.00295,0.017044,0.051048,0.03419,0.024799,0.015724,0.011145
845877.1,1772460,water,0.0123,0.025528,0.068702,0.054238,0.040377,0.024207,0.016837
835148.4,1769206,water,0.019725,0.022365,0.03518,0.02682,0.053523,0.026847,0.016948
829201.3,1783615,water,0.022255,0.030051,0.056616,0.039663,0.045011,0.020069,0.013208
843881.5,1773079,water,0.025899,0.041986,0.083608,0.055984,0.031509,0.016012,0.011874
846483.9,1773497,water,0.008478,0.021018,0.06015,0.03925,0.029927,0.02055,0.014032
833618.6,1784187,water,0.057015,0.06323,0.086138,0.070242,0.047087,0.025528,0.016508
829145.2,1783629,water,0.023135,0.031179,0.057469,0.038948,0.046043,0.021004,0.013262
845975.6,1776614,water,0.026242,0.033723,0.065705,0.042467,0.02462,0.01879,0.013537
827721.8,1785838,water,0.018845,0.025857,0.057923,0.048517,0.045163,0.020248,0.01274
845284,1780646,water,0.027714,0.04035,0.068263,0.042743,0.0233,0.013895,0.011447
827722,1784174,water,0.016975,0.023699,0.054636,0.039456,0.063505,0.04607,0.026559
826867.1,1779752,water,0.012273,0.018433,0.04816,0.023547,0.08424,0.034465,0.020165
845336.1,1770659,water,0.044117,0.052505,0.069638,0.050525,0.029487,0.02077,0.01296
845581.1,1777818,water,0.014582,0.028415,0.06015,0.035042,0.020495,0.015215,0.01098
827630.5,1784249,water,0.014665,0.02286,0.047802,0.028938,0.04145,0.020358,0.011942
845291.4,1774448,water,0.01329,0.028291,0.07071,0.048517,0.023286,0.01681,0.013428
845050.9,1781281,water,0.0409,0.048352,0.07148,0.047885,0.036033,0.01505,0.010925
846086,1775008,water,0.013593,0.026765,0.069995,0.04497,0.02792,0.019945,0.01505
828680.1,1766040,water,0.033695,0.036858,0.06356,0.040212,0.077448,0.049535,0.035345
834935.1,1781931,water,0.033599,0.040817,0.059298,0.047032,0.061209,0.031454,0.024001
837061.5,1770763,water,0.027453,0.034493,0.061222,0.039552,0.060178,0.027342,0.01692
829891.2,1765634,water,0.024262,0.030038,0.052615,0.028993,0.049068,0.015682,0.00999
827851.6,1783883,water,0.019931,0.026641,0.051144,0.033021,0.048311,0.023864,0.014857
849762.2,1769580,water,0.007707,0.016837,0.041024,0.030863,0.052367,0.03914,0.025638
844982.8,1774476,water,0.007763,0.026187,0.066255,0.04805,0.063505,0.03925,0.023768
846252.8,1775611,water,0.012382,0.026751,0.064894,0.041285,0.022626,0.016054,0.012259
828702.1,1765949,water,0.027287,0.029089,0.049865,0.034767,0.044791,0.021966,0.014005
845741.4,1771052,water,0.02726,0.034987,0.060178,0.044062,0.029625,0.018048,0.011915
845057.8,1774545,water,0.009825,0.026847,0.069335,0.04376,0.029102,0.021292,0.01637
843891.4,1772972,water,0.029336,0.043279,0.082439,0.052821,0.032953,0.016067,0.010966
844129.4,1773593,water,0.021513,0.036253,0.078781,0.052092,0.033874,0.020151,0.013441
834291,1785055,water,0.075825,0.083195,0.104453,0.08479,0.058748,0.039938,0.030065
837574.5,1771305,water,0.025253,0.033365,0.060535,0.051873,0.047775,0.019973,0.013262
849543.1,1782663,water,0.020082,0.024001,0.037889,0.022104,0.026738,0.017209,0.011956
837272.9,1765452,water,0.039896,0.046895,0.078259,0.055461,0.211661,0.109059,0.053852
826754.7,1780031,water,0.01373,0.02187,0.051515,0.02495,0.033063,0.023107,0.015682
828589.3,1765975,water,0.027453,0.030312,0.04893,0.033337,0.047418,0.023217,0.014775
843787.8,1772899,water,0.033475,0.046331,0.083539,0.057482,0.033833,0.015545,0.01164
844753.8,1774025,water,0.019505,0.034575,0.07511,0.052092,0.028717,0.018158,0.012905
846239.5,1770093,water,0.032526,0.036651,0.050415,0.041601,0.058445,0.053523,0.041189
845587,1770988,water,0.022943,0.033668,0.060672,0.043045,0.030257,0.017415,0.011668
830586,1783184,water,0.023231,0.032458,0.058816,0.036541,0.039044,0.022062,0.014844
845353.3,1774744,water,0.009784,0.028346,0.06851,0.043842,0.033915,0.023919,0.018556
842532.9,1771552,water,0.023713,0.030808,0.051158,0.034135,0.042302,0.02011,0.012767
842720.4,1771565,water,0.022489,0.02946,0.060054,0.038851,0.097138,0.05311,0.029969
845768.9,1776898,water,0.022283,0.034465,0.06202,0.045053,0.019367,0.014637,0.011997
831416.3,1773222,water,0.019477,0.025459,0.047308,0.028882,0.047142,0.021966,0.013867
846358.6,1775983,water,0.000296,0.017154,0.056396,0.033901,0.013455,0.01252,0.00966
848095.7,1771885,water,0.017718,0.026902,0.050305,0.040047,0.033833,0.026077,0.01901
844638.5,1768830,water,0.0332,0.042096,0.065815,0.045795,0.046854,0.026064,0.015944
845715.4,1771570,water,0.025472,0.034713,0.060123,0.043402,0.034905,0.025665,0.017085
829321.3,1783569,water,0.023479,0.032485,0.058541,0.042234,0.045602,0.01912,0.012217
829876.2,1765561,water,0.022283,0.026215,0.04816,0.028525,0.047528,0.017827,0.011888
844615.1,1781679,water,0.047445,0.055145,0.071645,0.047514,0.031578,0.016672,0.013125
845139.1,1777532,water,0.022145,0.034066,0.066227,0.042426,0.026902,0.019326,0.014528
845250.8,1779319,water,0.027975,0.03958,0.071508,0.042743,0.025087,0.016342,0.01197
832070.9,1778007,water,0.030148,0.034603,0.05927,0.047335,0.103792,0.063753,0.038727
845828.7,1774822,water,0.006745,0.025638,0.065842,0.040212,0.02187,0.016865,0.01351
831665.3,1770487,water,0.02297,0.024675,0.045768,0.03111,0.075275,0.032842,0.020715
845486,1777208,water,0.018089,0.030134,0.06521,0.041175,0.028979,0.022929,0.018322
830002.8,1783480,water,0.021526,0.031729,0.060439,0.047349,0.03496,0.020522,0.013084
844885.1,1770184,water,0.036816,0.046496,0.066943,0.051405,0.034548,0.019656,0.013208
845251.1,1778864,water,0.012382,0.027783,0.062089,0.037408,0.023905,0.014555,0.011832
843896.8,1772897,water,0.028786,0.042701,0.081944,0.053027,0.033282,0.015971,0.010953
834440.9,1785045,water,0.079606,0.087375,0.111121,0.086248,0.064852,0.056273,0.046758
